country,region,year,happiness,family,freedom,GDP,generosity,life_expectancy,govt_corruption
Afghanistan,Asia-Pacific,2015,3.575,0.30285,0.23414,0.31982,0.3651,0.30335,0.09719
Afghanistan,Asia-Pacific,2016,3.36,0.11037,0.1643,0.38227,0.31268,0.17344,0.07112
Afghanistan,Asia-Pacific,2017,3.79399991,0.581543326,0.10617952,0.401477218,0.311870933,0.180746779,0.06115783
Afghanistan,Asia-Pacific,2018,3.632,0.537,0.085,0.332,0.191,0.255,0.036
Afghanistan,Asia-Pacific,2019,3.203,0.517,0,0.35,0.158,0.361,0.025
Afghanistan,Asia-Pacific,2020,2.566900015,0.356433839,0,0.30070585,0.135234714,0.266051531,0.001225785
Albania,Eastern Europe,2015,4.959,0.80434,0.35733,0.87867,0.14272,0.81325,0.06413
Albania,Eastern Europe,2016,4.655,0.50163,0.31866,0.9553,0.1684,0.73007,0.05301
Albania,Eastern Europe,2017,4.644000053,0.803685248,0.381498635,0.996192753,0.201312944,0.731159747,0.039864216
Albania,Eastern Europe,2018,4.586,0.817,0.419,0.916,0.149,0.79,0.032
Albania,Eastern Europe,2019,4.719,0.848,0.383,0.947,0.178,0.874,0.027
Albania,Eastern Europe,2020,4.882699966,0.830483913,0.461945891,0.906653047,0.171027765,0.846329629,0.025361285
Algeria,Africa,2015,5.605,1.07772,0.28579,0.93929,0.07822,0.61766,0.17383
Algeria,Africa,2016,6.355,0.83309,0.21006,1.05266,0.07044,0.61804,0.16157
Algeria,Africa,2017,5.872000217,1.146217465,0.233335808,1.091864467,0.069436647,0.617584646,0.14609611
Algeria,Africa,2018,5.295,1.154,0.077,0.979,0.055,0.687,0.135
Algeria,Africa,2019,5.211,1.16,0.086,1.002,0.073,0.785,0.114
Algeria,Africa,2020,5.005099773,1.143003583,0.083943799,0.943856001,0.118915014,0.745418549,0.129190654
Angola,Africa,2015,4.033,0.8604,0.10384,0.75778,0.12344,0.16683,0.07122
Angola,Africa,2016,3.866,0.66366,0.00589,0.84731,0.12071,0.04991,0.08434
Angola,Africa,2017,3.795000076,1.10441196,0,0.85842818,0.09792649,0.049868666,0.069720335
Angola,Africa,2018,3.795,1.125,0,0.73,0.079,0.269,0.061
Argentina,Latin America,2015,6.574,1.24823,0.44974,1.05351,0.11451,0.78723,0.08484
Argentina,Latin America,2016,6.65,1.06612,0.42284,1.15137,0.10989,0.69711,0.07296
Argentina,Latin America,2017,6.598999977,1.440451145,0.494519204,1.185295463,0.109457061,0.695137084,0.059739888
Argentina,Latin America,2018,6.388,1.468,0.57,1.073,0.062,0.744,0.054
Argentina,Latin America,2019,6.086,1.432,0.471,1.092,0.066,0.881,0.05
Argentina,Latin America,2020,5.974699974,1.372543693,0.520840347,1.028465629,0.070100471,0.849773705,0.060415059
Armenia,Asia-Pacific,2015,4.35,0.77711,0.19847,0.76821,0.07855,0.7299,0.039
Armenia,Asia-Pacific,2016,4.36,0.62477,0.14037,0.86086,0.07793,0.64083,0.03616
Armenia,Asia-Pacific,2017,4.375999928,1.007483721,0.198303267,0.900596738,0.083488092,0.637524426,0.026674422
Armenia,Asia-Pacific,2018,4.321,0.99,0.26,0.816,0.077,0.666,0.028
Armenia,Asia-Pacific,2019,4.559,1.055,0.283,0.85,0.095,0.815,0.064
Armenia,Asia-Pacific,2020,4.676799774,1.034576893,0.378075808,0.808262408,0.107225738,0.77585727,0.104618184
Australia,Asia-Pacific,2015,7.284,1.30923,0.65124,1.33358,0.43562,0.93156,0.35637
Australia,Asia-Pacific,2016,7.313,1.10476,0.56837,1.44443,0.47407,0.8512,0.32331
Australia,Asia-Pacific,2017,7.28399992,1.510041952,0.601607382,1.484414935,0.47769925,0.843886793,0.30118373
Australia,Asia-Pacific,2018,7.272,1.573,0.647,1.34,0.361,0.91,0.302
Australia,Asia-Pacific,2019,7.228,1.548,0.557,1.372,0.332,1.036,0.29
Australia,Asia-Pacific,2020,7.222799778,1.477146268,0.621877193,1.310396433,0.324973613,1.022607684,0.335996419
Austria,Western Europe,2015,7.2,1.29704,0.62433,1.33723,0.33088,0.89042,0.18676
Austria,Western Europe,2016,7.119,1.08383,0.54355,1.45038,0.32865,0.80565,0.21348
Austria,Western Europe,2017,7.006000042,1.459944963,0.56776619,1.487097263,0.316472322,0.815328419,0.221060365
Austria,Western Europe,2018,7.139,1.504,0.617,1.341,0.242,0.891,0.224
Austria,Western Europe,2019,7.246,1.475,0.532,1.376,0.244,1.016,0.226
Austria,Western Europe,2020,7.294199944,1.437444925,0.603368878,1.317285538,0.255509764,1.000933528,0.281256139
Azerbaijan,Asia-Pacific,2015,5.212,0.93793,0.3703,1.02389,0.07799,0.64045,0.16065
Azerbaijan,Asia-Pacific,2016,5.291,0.76042,0.35327,1.12373,0.0564,0.54504,0.17914
Azerbaijan,Asia-Pacific,2017,5.234000206,1.152400255,0.398155838,1.153601766,0.04526934,0.540775776,0.180987507
Azerbaijan,Asia-Pacific,2018,5.201,1.161,0.43,1.024,0.031,0.603,0.176
Azerbaijan,Asia-Pacific,2019,5.208,1.147,0.351,1.043,0.035,0.769,0.182
Azerbaijan,Asia-Pacific,2020,5.164800167,1.180613041,0.467734724,0.990272701,0.040113214,0.731134057,0.247307181
Bahrain,Asia-Pacific,2015,5.96,1.21624,0.45492,1.32376,0.17362,0.74716,0.306
Bahrain,Asia-Pacific,2016,6.218,0.94397,0.47375,1.44024,0.17147,0.65696,0.25772
Bahrain,Asia-Pacific,2017,6.086999893,1.323110461,0.536746919,1.488412261,0.172668487,0.653133035,0.25704217
Bahrain,Asia-Pacific,2018,6.105,1.366,0.594,1.338,0.243,0.698,0.123
Bahrain,Asia-Pacific,2019,6.199,1.368,0.536,1.362,0.255,0.871,0.11
Bahrain,Asia-Pacific,2020,6.227300167,1.31532371,0.610399902,1.296692252,0.287453711,0.838836372,0.126697257
Bangladesh,Asia-Pacific,2015,4.694,0.43106,0.4082,0.39753,0.21222,0.60164,0.12569
Bangladesh,Asia-Pacific,2016,4.643,0.24749,0.39778,0.54177,0.19132,0.52989,0.12583
Bangladesh,Asia-Pacific,2017,4.607999802,0.735131741,0.478356659,0.586682975,0.172255352,0.533241034,0.123717859
Bangladesh,Asia-Pacific,2018,4.5,0.85,0.58,0.532,0.153,0.579,0.144
Bangladesh,Asia-Pacific,2019,4.456,0.928,0.527,0.562,0.166,0.723,0.143
Bangladesh,Asia-Pacific,2020,4.832799911,0.868800581,0.604130566,0.556156278,0.176745117,0.694940507,0.176735908
Belarus,Eastern Europe,2015,5.813,1.23289,0.37938,1.03192,0.11046,0.73608,0.1909
Belarus,Eastern Europe,2016,5.802,1.04993,0.29091,1.13062,0.13942,0.63104,0.17457
Belarus,Eastern Europe,2017,5.568999767,1.444945216,0.295400262,1.15655756,0.155137509,0.637714267,0.156313822
Belarus,Eastern Europe,2018,5.483,1.498,0.307,1.039,0.101,0.7,0.154
Belarus,Eastern Europe,2019,5.323,1.465,0.235,1.067,0.094,0.789,0.142
Belarus,Eastern Europe,2020,5.539899826,1.38713932,0.290755868,1.018854499,0.08993306,0.75258857,0.193607435
Belgium,Western Europe,2015,6.937,1.28566,0.5845,1.30782,0.2225,0.89667,0.2254
Belgium,Western Europe,2016,6.929,1.05249,0.51354,1.42539,0.2424,0.81959,0.26248
Belgium,Western Europe,2017,6.890999794,1.462312698,0.539770722,1.463780761,0.231503338,0.818091869,0.251343131
Belgium,Western Europe,2018,6.927,1.483,0.583,1.324,0.188,0.894,0.24
Belgium,Western Europe,2019,6.923,1.504,0.473,1.356,0.16,0.986,0.21
Belgium,Western Europe,2020,6.863500118,1.398677588,0.499805421,1.295842767,0.146966159,0.964901149,0.208724052
Belize,Latin America,2016,5.956,0.68655,0.51231,0.87616,0.23684,0.45569,0.10771
Belize,Latin America,2017,5.955999851,1.081417799,0.547509372,0.907975316,0.240015641,0.450191766,0.096581072
Belize,Latin America,2018,5.956,1.101,0.593,0.807,0.183,0.474,0.089
Benin,Africa,2015,3.34,0.35386,0.4845,0.28665,0.1826,0.3191,0.0801
Benin,Africa,2016,3.484,0.10419,0.39747,0.39499,0.2018,0.21028,0.06681
Benin,Africa,2017,3.657000065,0.435299844,0.425962776,0.431085408,0.207948461,0.209930211,0.060929015
Benin,Africa,2018,4.141,0.372,0.44,0.378,0.163,0.24,0.067
Benin,Africa,2019,4.883,0.437,0.349,0.393,0.175,0.397,0.082
Benin,Africa,2020,5.21600008,0.352428436,0.40583989,0.366244704,0.196670428,0.328062952,0.125931874
Bhutan,Asia-Pacific,2015,5.253,1.10395,0.53206,0.77042,0.47998,0.57407,0.15445
Bhutan,Asia-Pacific,2016,5.196,0.90836,0.46074,0.8527,0.48546,0.49759,0.1616
Bhutan,Asia-Pacific,2017,5.011000156,1.340126514,0.501537681,0.885416389,0.474054545,0.495879292,0.17338039
Bhutan,Asia-Pacific,2018,5.082,1.335,0.541,0.796,0.364,0.527,0.171
Bhutan,Asia-Pacific,2019,5.082,1.321,0.457,0.813,0.37,0.604,0.167
Bolivia,Latin America,2015,5.89,0.97841,0.57414,0.68133,0.20536,0.5392,0.088
Bolivia,Latin America,2016,5.822,0.83779,0.50961,0.79422,0.21698,0.4697,0.07746
Bolivia,Latin America,2017,5.822999954,1.227619052,0.558732927,0.833756566,0.225560725,0.47363025,0.060477726
Bolivia,Latin America,2018,5.752,1.223,0.606,0.751,0.141,0.508,0.054
Bolivia,Latin America,2019,5.779,1.209,0.511,0.776,0.137,0.706,0.064
Bolivia,Latin America,2020,5.747499943,1.142350554,0.5744645,0.730976343,0.138375074,0.662445664,0.072942637
Bosnia and Herzegovina,Eastern Europe,2015,4.949,0.91916,0.09245,0.83223,0.24808,0.79081,0.00227
Bosnia and Herzegovina,Eastern Europe,2016,5.163,0.64367,0.09511,0.93383,0.29889,0.70766,0
Bosnia and Herzegovina,Eastern Europe,2017,5.18200016,1.069335938,0.204403177,0.982409418,0.328867495,0.705186307,0
Bosnia and Herzegovina,Eastern Europe,2018,5.129,1.078,0.28,0.915,0.216,0.758,0
Bosnia and Herzegovina,Eastern Europe,2019,5.386,1.212,0.212,0.945,0.263,0.845,0.006
Bosnia and Herzegovina,Eastern Europe,2020,5.674099922,1.203986526,0.305365741,0.91839546,0.264005244,0.813928187,0.001172487
Botswana,Africa,2015,4.332,1.10464,0.49495,0.99355,0.10461,0.04776,0.12474
Botswana,Africa,2016,3.974,0.89186,0.44089,1.09426,0.12425,0.34752,0.10769
Botswana,Africa,2017,3.766000032,1.221554995,0.505196333,1.122094154,0.099348448,0.341755509,0.098583199
Botswana,Africa,2018,3.59,1.174,0.557,1.017,0.042,0.417,0.092
Botswana,Africa,2019,3.488,1.145,0.455,1.041,0.025,0.538,0.1
Botswana,Africa,2020,3.478899956,1.08569479,0.50908941,0.997548997,0.033407487,0.494101733,0.101786368
Brazil,Latin America,2015,6.983,1.23287,0.49049,0.98124,0.14574,0.69702,0.17521
Brazil,Latin America,2016,6.952,1.03938,0.40425,1.08754,0.15776,0.61415,0.14166
Brazil,Latin America,2017,6.635000229,1.431306005,0.437453747,1.10735321,0.162349895,0.616552353,0.111092761
Brazil,Latin America,2018,6.419,1.474,0.493,0.986,0.11,0.675,0.088
Brazil,Latin America,2019,6.3,1.439,0.39,1.004,0.099,0.802,0.086
Brazil,Latin America,2020,6.375599861,1.363464117,0.483292729,0.952679873,0.131674588,0.766119063,0.106518604
Bulgaria,Eastern Europe,2015,4.218,1.10614,0.30587,1.01216,0.11921,0.76649,0.00872
Bulgaria,Eastern Europe,2016,4.217,0.92542,0.21219,1.11306,0.12793,0.67806,0.00615
Bulgaria,Eastern Europe,2017,4.714000225,1.434379458,0.289231718,1.161459088,0.113177694,0.70821768,0.011051531
Bulgaria,Eastern Europe,2018,4.933,1.515,0.359,1.054,0.064,0.712,0.009
Bulgaria,Eastern Europe,2019,5.011,1.513,0.311,1.092,0.081,0.815,0.004
Bulgaria,Eastern Europe,2020,5.101500034,1.460578918,0.417820066,1.046554685,0.103833713,0.777776897,0
Burkina Faso,Africa,2015,3.587,0.85188,0.39493,0.25812,0.21747,0.27125,0.12832
Burkina Faso,Africa,2016,3.739,0.63054,0.3337,0.31995,0.24353,0.21297,0.12533
Burkina Faso,Africa,2017,4.032000065,1.043280005,0.324367851,0.350227714,0.250864685,0.215844259,0.120328106
Burkina Faso,Africa,2018,4.424,1.097,0.312,0.314,0.175,0.254,0.128
Burkina Faso,Africa,2019,4.587,1.056,0.255,0.331,0.177,0.38,0.113
Burkina Faso,Africa,2020,4.768700123,0.9293859,0.322398156,0.302467644,0.186390609,0.312833875,0.126408055
Burundi,Africa,2015,2.905,0.41587,0.1185,0.0153,0.19727,0.22396,0.10062
Burundi,Africa,2016,2.905,0.23442,0.0432,0.06831,0.2029,0.15747,0.09419
Burundi,Africa,2017,2.904999971,0.629793584,0.059900753,0.091622569,0.204435185,0.151610792,0.084147945
Burundi,Africa,2018,2.905,0.627,0.065,0.091,0.149,0.145,0.076
Burundi,Africa,2019,3.775,0.447,0.22,0.046,0.176,0.38,0.18
Burundi,Africa,2020,3.775300026,0.403575271,0.275399059,0,0.187401786,0.295212835,0.212186828
Cambodia,Asia-Pacific,2015,3.819,0.62736,0.66246,0.46038,0.40359,0.61114,0.07247
Cambodia,Asia-Pacific,2016,3.907,0.5375,0.58852,0.55604,0.40339,0.42494,0.08092
Cambodia,Asia-Pacific,2017,4.168000221,1.006238341,0.633375823,0.601765096,0.385922968,0.429783404,0.068105951
Cambodia,Asia-Pacific,2018,4.433,1.088,0.696,0.549,0.256,0.457,0.065
Cambodia,Asia-Pacific,2019,4.7,1.122,0.609,0.574,0.232,0.637,0.062
Cambodia,Asia-Pacific,2020,4.848400116,1.071426034,0.674940348,0.544634938,0.233342081,0.587904334,0.072837502
Cameroon,Africa,2015,4.252,0.88767,0.49309,0.4225,0.20618,0.23402,0.05786
Cameroon,Africa,2016,4.513,0.62542,0.42736,0.52497,0.2268,0.12698,0.06126
Cameroon,Africa,2017,4.695000172,0.946018219,0.430388749,0.564305365,0.236298457,0.132892117,0.051306631
Cameroon,Africa,2018,4.975,0.891,0.454,0.535,0.183,0.182,0.043
Cameroon,Africa,2019,5.044,0.91,0.381,0.549,0.187,0.331,0.037
Cameroon,Africa,2020,5.084899902,0.89972645,0.439242482,0.503958046,0.198020101,0.270189553,0.054393422
Canada,North America,2015,7.427,1.32261,0.63297,1.32629,0.45811,0.90563,0.32957
Canada,North America,2016,7.404,1.0961,0.5737,1.44015,0.44834,0.8276,0.31329
Canada,North America,2017,7.315999985,1.481348991,0.611100912,1.479204416,0.435539722,0.834557652,0.287371516
Canada,North America,2018,7.328,1.532,0.653,1.33,0.321,0.896,0.291
Canada,North America,2019,7.278,1.505,0.584,1.365,0.285,1.039,0.308
Canada,North America,2020,7.23210001,1.435391903,0.644028127,1.301647663,0.28152892,1.022501945,0.351701856
Central African Republic,Africa,2015,3.678,0,0.48879,0.0785,0.23835,0.06699,0.08289
Central African Republic,Africa,2017,2.693000078,0,0.270842046,0,0.280876487,0.018772686,0.056565076
Central African Republic,Africa,2018,3.083,0,0.305,0.024,0.218,0.01,0.038
Central African Republic,Africa,2019,3.083,0,0.225,0.026,0.235,0.105,0.035
Central African Republic,Africa,2020,3.475899935,0,0.292814463,0.041072082,0.253513217,0,0.028264718
Chad,Africa,2015,3.667,0.76062,0.23501,0.34193,0.18386,0.1501,0.05269
Chad,Africa,2016,3.763,0.63178,0.12807,0.42214,0.18667,0.03824,0.04952
Chad,Africa,2017,3.936000109,0.953855872,0.162342027,0.438012987,0.21611385,0.041134715,0.053581882
Chad,Africa,2018,4.301,0.907,0.189,0.358,0.181,0.053,0.06
Chad,Africa,2019,4.35,0.766,0.174,0.35,0.198,0.192,0.078
Chad,Africa,2020,4.422699928,0.739118278,0.228601769,0.302287489,0.210805088,0.1087441,0.085755408
Chile,Latin America,2015,6.67,1.12447,0.44132,1.10715,0.33363,0.85857,0.12869
Chile,Latin America,2016,6.705,0.90587,0.37789,1.2167,0.31595,0.81883,0.11451
Chile,Latin America,2017,6.65199995,1.284024954,0.376895279,1.25278461,0.326662421,0.819479704,0.082287982
Chile,Latin America,2018,6.476,1.331,0.431,1.131,0.197,0.808,0.061
Chile,Latin America,2019,6.444,1.369,0.357,1.159,0.187,0.92,0.056
Chile,Latin America,2020,6.228499889,1.323286891,0.417482227,1.096992493,0.155579001,0.889260828,0.06284935
China,Asia-Pacific,2015,5.14,0.94675,0.51697,0.89012,0.08185,0.81658,0.02781
China,Asia-Pacific,2016,5.245,0.79381,0.44012,1.0278,0.04959,0.73561,0.02745
China,Asia-Pacific,2017,5.272999763,1.160837412,0.472787708,1.081165791,0.028806841,0.741415501,0.022794275
China,Asia-Pacific,2018,5.246,1.142,0.597,0.989,0.029,0.799,0.103
China,Asia-Pacific,2019,5.191,1.125,0.521,1.029,0.058,0.893,0.1
China,Asia-Pacific,2020,5.123899937,1.132080674,0.601605117,0.990533412,0.079021044,0.867248535,0.117255554
Colombia,Latin America,2015,6.477,1.24018,0.53466,0.91861,0.18401,0.69077,0.0512
Colombia,Latin America,2016,6.481,1.02169,0.44735,1.03032,0.15626,0.59659,0.05399
Colombia,Latin America,2017,6.356999874,1.402182937,0.477487415,1.070622325,0.149014473,0.595027924,0.046668742
Colombia,Latin America,2018,6.26,1.439,0.531,0.96,0.099,0.635,0.039
Colombia,Latin America,2019,6.125,1.41,0.47,0.985,0.099,0.841,0.034
Colombia,Latin America,2020,6.163400173,1.33445096,0.526890039,0.93220371,0.092374094,0.810020149,0.04584837
Comoros,Africa,2015,3.956,0.79273,0.22917,0.23906,0.17441,0.36315,0.199
Comoros,Africa,2016,3.956,0.60323,0.15412,0.27509,0.1827,0.29981,0.18437
Comoros,Africa,2019,3.973,0.757,0.142,0.274,0.275,0.505,0.078
Comoros,Africa,2020,4.288599968,0.723232806,0.181028232,0.415620774,0.258538276,0.437383324,0.100048535
Costa Rica,Latin America,2015,7.226,1.23788,0.63376,0.95578,0.25497,0.86027,0.10583
Costa Rica,Latin America,2016,7.087,1.02152,0.55225,1.06879,0.22553,0.76146,0.10547
Costa Rica,Latin America,2017,7.078999996,1.416403651,0.58013165,1.109706283,0.214613229,0.759509265,0.100106589
Costa Rica,Latin America,2018,7.072,1.459,0.632,1.01,0.143,0.817,0.101
Costa Rica,Latin America,2019,7.167,1.441,0.558,1.034,0.144,0.963,0.093
Costa Rica,Latin America,2020,7.121399879,1.374853611,0.645017743,0.981107712,0.131266311,0.939635336,0.096362092
Croatia,Eastern Europe,2015,5.759,0.79624,0.25883,1.08254,0.05444,0.78805,0.0243
Croatia,Eastern Europe,2016,5.488,0.60809,0.23907,1.18649,0.18434,0.70524,0.04002
Croatia,Eastern Europe,2017,5.293000221,0.967983007,0.255772293,1.222556233,0.248002976,0.701288521,0.04310311
Croatia,Eastern Europe,2018,5.321,1.161,0.38,1.115,0.12,0.737,0.039
Croatia,Eastern Europe,2019,5.432,1.266,0.296,1.155,0.119,0.914,0.022
Croatia,Eastern Europe,2020,5.504700184,1.311264873,0.381456882,1.109024286,0.113998979,0.900575578,0.012325006
Cyprus,Eastern Europe,2015,5.689,0.89318,0.40672,1.20813,0.30638,0.92356,0.06146
Cyprus,Eastern Europe,2016,5.546,0.70697,0.29507,1.31857,0.27906,0.8488,0.05228
Cyprus,Eastern Europe,2017,5.620999813,1.131363273,0.355111539,1.355938077,0.271254301,0.844714701,0.041237976
Cyprus,Eastern Europe,2018,5.762,1.191,0.423,1.229,0.202,0.909,0.035
Cyprus,Eastern Europe,2019,6.046,1.223,0.406,1.263,0.19,1.042,0.041
Cyprus,Eastern Europe,2020,6.15899992,1.149170756,0.459385872,1.21279943,0.227932334,1.026124597,0.051207144
Czech Republic,Western Europe,2015,6.505,1.20643,0.46364,1.17898,0.10686,0.84483,0.02652
Czech Republic,Western Europe,2016,6.596,1.00793,0.41418,1.30915,0.09929,0.76376,0.03986
Czech Republic,Western Europe,2017,6.609000206,1.433885217,0.490946174,1.352682352,0.088106759,0.754444003,0.036872927
Czech Republic,Western Europe,2018,6.711,1.489,0.543,1.233,0.064,0.854,0.034
Czech Republic,Western Europe,2019,6.852,1.487,0.457,1.269,0.046,0.92,0.036
Czech Republic,Western Europe,2020,6.910900116,1.40528667,0.505744576,1.212322354,0.046325929,0.89456445,0.049803223
Democratic Republic of the Congo,Africa,2015,4.517,1.0012,0.22605,0,0.24834,0.09806,0.07625
Democratic Republic of the Congo,Africa,2016,4.272,0.80676,0.15602,0.05661,0.25458,0.188,0.06075
Democratic Republic of the Congo,Africa,2017,4.28000021,1.229023457,0.235961348,0.092102349,0.246455833,0.191407025,0.060241356
Democratic Republic of the Congo,Africa,2018,4.245,1.136,0.312,0.069,0.197,0.204,0.052
Democratic Republic of the Congo,Africa,2019,4.418,1.125,0.269,0.094,0.212,0.357,0.053
Democratic Republic of the Congo,Africa,2020,4.31099987,0.833055019,0.36462298,0.062487468,0.254324883,0.277212054,0.081466645
Denmark,Western Europe,2015,7.527,1.36058,0.64938,1.32548,0.34139,0.87464,0.48357
Denmark,Western Europe,2016,7.526,1.16374,0.57941,1.44178,0.36171,0.79504,0.44453
Denmark,Western Europe,2017,7.521999836,1.551121593,0.626006722,1.482383013,0.355280489,0.792565525,0.400770068
Denmark,Western Europe,2018,7.555,1.59,0.683,1.351,0.284,0.868,0.408
Denmark,Western Europe,2019,7.6,1.573,0.592,1.383,0.252,0.996,0.41
Denmark,Western Europe,2020,7.645599842,1.503449202,0.665039897,1.326948524,0.242793396,0.979332566,0.495260328
Djibouti,Africa,2015,4.369,0.59207,0.46074,0.44025,0.18093,0.36291,0.28105
Dominican Republic,Latin America,2015,4.885,1.17202,0.57672,0.89537,0.21684,0.66825,0.14234
Dominican Republic,Latin America,2016,5.155,0.99496,0.52259,1.02787,0.21286,0.57669,0.12372
Dominican Republic,Latin America,2017,5.230000019,1.402416706,0.552589834,1.079373837,0.18696785,0.574873745,0.113945253
Dominican Republic,Latin America,2018,5.302,1.441,0.578,0.982,0.12,0.614,0.106
Dominican Republic,Latin America,2019,5.425,1.401,0.497,1.015,0.113,0.779,0.101
Dominican Republic,Latin America,2020,5.689199924,1.328888893,0.5628739,0.983191848,0.112196781,0.741901696,0.115945682
Ecuador,Latin America,2015,5.975,0.99903,0.48574,0.86402,0.11541,0.79075,0.1809
Ecuador,Latin America,2016,5.976,0.85974,0.4027,0.97306,0.10074,0.68613,0.18037
Ecuador,Latin America,2017,6.007999897,1.286168814,0.455198199,1.000820398,0.150112465,0.685636222,0.140134647
Ecuador,Latin America,2018,5.973,1.33,0.556,0.889,0.114,0.736,0.12
Ecuador,Latin America,2019,6.028,1.312,0.498,0.912,0.126,0.868,0.087
Ecuador,Latin America,2020,5.925199986,1.221027613,0.555234551,0.853383601,0.115006477,0.838837743,0.086753383
Egypt,Africa,2015,4.194,0.747,0.17288,0.8818,0.11291,0.61712,0.06324
Egypt,Africa,2016,4.362,0.49813,0.18847,0.95395,0.12706,0.52116,0.10393
Egypt,Africa,2017,4.735000134,0.997471392,0.282110155,0.989701807,0.128631443,0.520187259,0.114381365
Egypt,Africa,2018,4.419,1.025,0.312,0.885,0.092,0.553,0.107
Egypt,Africa,2019,4.166,1.039,0.241,0.913,0.076,0.644,0.067
Egypt,Africa,2020,4.151400089,0.982539535,0.373684734,0.875228941,0.068801254,0.596911311,0.095461793
El Salvador,Latin America,2015,6.13,1.02507,0.4035,0.76454,0.10692,0.67737,0.11776
El Salvador,Latin America,2016,6.068,0.80975,0.37269,0.8737,0.08877,0.596,0.10613
El Salvador,Latin America,2017,6.002999783,1.182125092,0.43245253,0.909784496,0.078257985,0.596018553,0.08998096
El Salvador,Latin America,2018,6.167,1.231,0.461,0.806,0.065,0.639,0.082
El Salvador,Latin America,2019,6.253,1.242,0.43,0.794,0.093,0.789,0.074
El Salvador,Latin America,2020,6.34829998,1.149397612,0.524043918,0.748940408,0.1189363,0.752730012,0.117030352
Estonia,Eastern Europe,2015,5.429,1.22791,0.44888,1.15174,0.0868,0.77361,0.15184
Estonia,Eastern Europe,2016,5.517,1.05163,0.41511,1.27964,0.08423,0.68098,0.18519
Estonia,Eastern Europe,2017,5.611000061,1.4766711,0.47913143,1.32087934,0.098890811,0.695168316,0.183248922
Estonia,Eastern Europe,2018,5.739,1.532,0.553,1.2,0.086,0.737,0.174
Estonia,Eastern Europe,2019,5.893,1.528,0.495,1.237,0.103,0.874,0.161
Estonia,Eastern Europe,2020,6.021800041,1.453232527,0.576664805,1.192441225,0.125136748,0.842615008,0.201766819
Ethiopia,Africa,2015,4.512,0.60406,0.4345,0.19073,0.24325,0.44055,0.15048
Ethiopia,Africa,2016,4.508,0.37932,0.36703,0.29283,0.29522,0.34578,0.1717
Ethiopia,Africa,2017,4.460000038,0.864669204,0.408842742,0.339233845,0.31265074,0.353409708,0.165455714
Ethiopia,Africa,2018,4.35,0.95,0.452,0.308,0.22,0.391,0.146
Ethiopia,Africa,2019,4.286,1.033,0.344,0.336,0.209,0.532,0.1
Ethiopia,Africa,2020,4.186200142,1.001103282,0.41256687,0.315125644,0.227698103,0.483846247,0.117437035
Finland,Western Europe,2015,7.406,1.31826,0.64169,1.29025,0.23351,0.88911,0.41372
Finland,Western Europe,2016,7.413,1.13464,0.57104,1.40598,0.25492,0.81091,0.41004
Finland,Western Europe,2017,7.468999863,1.540246725,0.617950857,1.443571925,0.245482773,0.80915767,0.382611543
Finland,Western Europe,2018,7.632,1.592,0.681,1.305,0.202,0.874,0.393
Finland,Western Europe,2019,7.769,1.587,0.596,1.34,0.153,0.986,0.393
Finland,Western Europe,2020,7.808700085,1.499525905,0.66231674,1.285189509,0.159670442,0.961271405,0.477857262
France,Western Europe,2015,6.575,1.26038,0.55011,1.27778,0.12332,0.94579,0.20646
France,Western Europe,2016,6.478,1.00508,0.46562,1.39488,0.1216,0.83795,0.17808
France,Western Europe,2017,6.441999912,1.387776852,0.470222116,1.430923462,0.129762307,0.844465852,0.172502428
France,Western Europe,2018,6.489,1.466,0.52,1.293,0.098,0.908,0.176
France,Western Europe,2019,6.592,1.472,0.436,1.324,0.111,1.045,0.183
France,Western Europe,2020,6.663799763,1.458839178,0.514050901,1.268129349,0.112607703,1.029714227,0.227303237
Gabon,Africa,2015,3.896,0.90528,0.31914,1.06024,0.06822,0.43372,0.11091
Gabon,Africa,2016,4.121,0.72368,0.28098,1.15851,0.06244,0.3494,0.09314
Gabon,Africa,2017,4.465000153,1.155620217,0.312328577,1.198210239,0.043785378,0.356578588,0.076046787
Gabon,Africa,2018,4.758,1.164,0.356,1.036,0.032,0.404,0.052
Gabon,Africa,2019,4.799,1.183,0.295,1.057,0.043,0.571,0.055
Gabon,Africa,2020,4.829299927,1.10639751,0.369459897,0.988044381,0.052013602,0.522574842,0.055804539
Gambia,Africa,2019,4.516,0.939,0.382,0.308,0.269,0.428,0.167
Gambia,Africa,2020,4.750599861,0.882678688,0.403419524,0.256990552,0.425989687,0.353247881,0.158093795
Georgia,Asia-Pacific,2015,4.297,0.38562,0.40577,0.7419,0.05547,0.72926,0.38331
Georgia,Asia-Pacific,2016,4.252,0.19249,0.32461,0.83792,0.06786,0.64035,0.3188
Georgia,Asia-Pacific,2017,4.285999775,0.570614934,0.309410036,0.950612664,0.054008815,0.649546981,0.251666635
Georgia,Asia-Pacific,2018,4.34,0.592,0.375,0.853,0.038,0.643,0.215
Georgia,Asia-Pacific,2019,4.519,0.666,0.346,0.886,0.043,0.752,0.164
Georgia,Asia-Pacific,2020,4.672599792,0.7311939,0.485494107,0.847198069,0.047609735,0.694657624,0.174088076
Germany,Western Europe,2015,6.75,1.29937,0.61477,1.32792,0.28214,0.89186,0.21843
Germany,Western Europe,2016,6.994,1.09774,0.53466,1.44787,0.30452,0.81487,0.28551
Germany,Western Europe,2017,6.951000214,1.472520351,0.562511384,1.487923384,0.33626917,0.798950732,0.276731938
Germany,Western Europe,2018,6.965,1.474,0.586,1.34,0.273,0.861,0.28
Germany,Western Europe,2019,6.985,1.454,0.495,1.373,0.261,0.987,0.265
Germany,Western Europe,2020,7.075799942,1.368543744,0.564274132,1.314184546,0.252037704,0.972114801,0.309362292
Ghana,Africa,2015,4.633,0.67954,0.42342,0.54558,0.23087,0.40132,0.04355
Ghana,Africa,2016,4.276,0.49353,0.40973,0.63107,0.21203,0.29681,0.0326
Ghana,Africa,2017,4.119999886,0.873664737,0.423026294,0.667224824,0.256923944,0.295637727,0.02533637
Ghana,Africa,2018,4.657,0.896,0.499,0.592,0.212,0.337,0.029
Ghana,Africa,2019,4.996,0.868,0.381,0.611,0.245,0.486,0.04
Ghana,Africa,2020,5.147999763,0.96636796,0.477290064,0.575862467,0.261291206,0.432162255,0.056570381
Greece,Eastern Europe,2015,4.857,0.92933,0.07699,1.15406,0,0.88213,0.01397
Greece,Eastern Europe,2016,5.033,0.75473,0.05822,1.24886,0,0.80029,0.04127
Greece,Eastern Europe,2017,5.227000237,1.239414573,0.095731251,1.289487481,0,0.810198903,0.043289777
Greece,Eastern Europe,2018,5.358,1.202,0.131,1.154,0,0.879,0.044
Greece,Eastern Europe,2019,5.287,1.156,0.067,1.181,0,0.999,0.034
Greece,Eastern Europe,2020,5.514999866,1.168973565,0.173516348,1.128070116,0,0.979431748,0.048844352
Guatemala,Latin America,2015,6.123,1.04356,0.57733,0.74553,0.27489,0.64425,0.09472
Guatemala,Latin America,2016,6.324,0.87119,0.50379,0.83454,0.28808,0.54039,0.08701
Guatemala,Latin America,2017,6.453999996,1.255585194,0.531310618,0.872001946,0.283488393,0.54023999,0.077223279
Guatemala,Latin America,2018,6.382,1.268,0.604,0.781,0.179,0.608,0.071
Guatemala,Latin America,2019,6.436,1.269,0.535,0.8,0.175,0.746,0.078
Guatemala,Latin America,2020,6.398900032,1.174267054,0.613146722,0.753815711,0.170611665,0.705952585,0.0983603
Guinea,Africa,2015,3.656,0.46475,0.37725,0.17417,0.28657,0.24009,0.12139
Guinea,Africa,2016,3.607,0.3109,0.30953,0.22415,0.29914,0.18829,0.1192
Guinea,Africa,2017,3.506999969,0.791244686,0.348587513,0.24454993,0.264815092,0.194129139,0.110937618
Guinea,Africa,2018,3.964,0.792,0.394,0.344,0.185,0.211,0.094
Guinea,Africa,2019,4.534,0.829,0.332,0.38,0.207,0.375,0.086
Guinea,Africa,2020,4.949299812,0.75136596,0.371878058,0.390007734,0.249490842,0.333655238,0.112204559
Haiti,Latin America,2015,4.518,0.74302,0.24425,0.26673,0.46187,0.38847,0.17175
Haiti,Latin America,2016,4.028,0.29561,0.12072,0.34097,0.47958,0.27494,0.14476
Haiti,Latin America,2017,3.602999926,0.640449822,0.030369857,0.368610263,0.489203781,0.27732113,0.09987215
Haiti,Latin America,2018,3.582,0.714,0.025,0.315,0.392,0.289,0.104
Haiti,Latin America,2019,3.597,0.688,0.026,0.323,0.419,0.449,0.11
Haiti,Latin America,2020,3.720799923,0.646671355,0.169297516,0.284734428,0.463909656,0.37436673,0.161935672
Honduras,Latin America,2015,4.788,0.95348,0.40148,0.59532,0.23027,0.6951,0.06825
Honduras,Latin America,2016,4.871,0.75596,0.26755,0.69429,0.2044,0.58383,0.06906
Honduras,Latin America,2017,5.181000233,1.143944979,0.34807986,0.730573118,0.236188874,0.58256948,0.073345453
Honduras,Latin America,2018,5.504,1.205,0.459,0.62,0.197,0.622,0.074
Honduras,Latin America,2019,5.86,1.236,0.507,0.642,0.246,0.828,0.078
Honduras,Latin America,2020,5.953199863,1.186664104,0.568148077,0.598763585,0.256528199,0.791989982,0.086807102
Hong Kong S.A.R.,Asia-Pacific,2015,5.474,1.05818,0.59608,1.38604,0.39478,1.01328,0.37124
Hong Kong S.A.R.,Asia-Pacific,2016,5.458,0.87021,0.48079,1.5107,0.40097,0.95277,0.31647
Hong Kong S.A.R.,Asia-Pacific,2017,5.472000122,1.262790918,0.490968645,1.551674843,0.374465793,0.943062425,0.293933749
Hong Kong S.A.R.,Asia-Pacific,2018,5.43,1.29,0.524,1.405,0.246,1.03,0.291
Hong Kong S.A.R.,Asia-Pacific,2019,5.43,1.277,0.44,1.438,0.258,1.122,0.287
Hong Kong S.A.R.,Asia-Pacific,2020,5.510399818,1.243584275,0.459356517,1.376746058,0.288280904,1.136630654,0.332485437
Hungary,Eastern Europe,2015,4.8,1.20215,0.32112,1.12094,0.128,0.75905,0.02758
Hungary,Eastern Europe,2016,5.145,0.93164,0.1977,1.24142,0.099,0.67608,0.04472
Hungary,Eastern Europe,2017,5.323999882,1.343133092,0.175863519,1.286011934,0.078401662,0.687763453,0.036636937
Hungary,Eastern Europe,2018,5.62,1.401,0.259,1.171,0.061,0.732,0.022
Hungary,Eastern Europe,2019,5.758,1.41,0.199,1.201,0.081,0.828,0.02
Hungary,Eastern Europe,2020,6.000400066,1.423009396,0.386401802,1.164307117,0.070491239,0.806793869,0.027548173
Iceland,Western Europe,2015,7.561,1.40223,0.62877,1.30232,0.4363,0.94784,0.14145
Iceland,Western Europe,2016,7.501,1.18326,0.56624,1.42666,0.47678,0.86733,0.14975
Iceland,Western Europe,2017,7.504000187,1.610574007,0.627162635,1.48063302,0.475540221,0.833552122,0.153526559
Iceland,Western Europe,2018,7.495,1.644,0.677,1.343,0.353,0.914,0.138
Iceland,Western Europe,2019,7.494,1.624,0.591,1.38,0.354,1.026,0.118
Iceland,Western Europe,2020,7.504499912,1.547567487,0.661980748,1.326501608,0.362330228,1.000843406,0.144540772
India,Asia-Pacific,2015,4.565,0.38174,0.39786,0.64499,0.26475,0.51529,0.08492
India,Asia-Pacific,2016,4.404,0.29247,0.40285,0.74036,0.25028,0.45091,0.08722
India,Asia-Pacific,2017,4.315000057,0.754372597,0.469987005,0.792221248,0.231538489,0.455427617,0.092226885
India,Asia-Pacific,2018,4.19,0.747,0.539,0.721,0.172,0.485,0.093
India,Asia-Pacific,2019,4.015,0.765,0.498,0.755,0.2,0.588,0.085
India,Asia-Pacific,2020,3.573299885,0.644198656,0.581142247,0.730576158,0.237072483,0.54057014,0.105587982
Indonesia,Asia-Pacific,2015,5.399,1.08708,0.46611,0.82827,0.51535,0.63793,0
Indonesia,Asia-Pacific,2016,5.314,0.87625,0.39237,0.95104,0.56521,0.49374,0.00322
Indonesia,Asia-Pacific,2017,5.262000084,1.274444699,0.443323463,0.995538592,0.611704588,0.492345721,0.015317135
Indonesia,Asia-Pacific,2018,5.093,1.215,0.538,0.899,0.484,0.522,0.018
Indonesia,Asia-Pacific,2019,5.192,1.203,0.491,0.931,0.498,0.66,0.028
Indonesia,Asia-Pacific,2020,5.285600185,1.154800892,0.568161428,0.891720712,0.542646527,0.610437036,0.038278613
Iran,Asia-Pacific,2015,4.686,0.54447,0.30033,1.0088,0.38086,0.69805,0.05863
Iran,Asia-Pacific,2016,4.813,0.38857,0.22544,1.11758,0.38538,0.64232,0.0557
Iran,Asia-Pacific,2017,4.691999912,0.711551249,0.249322608,1.156873107,0.387242913,0.639333189,0.048761073
Iran,Asia-Pacific,2018,4.707,0.771,0.459,1.059,0.282,0.691,0.129
Iran,Asia-Pacific,2019,4.548,0.842,0.305,1.1,0.27,0.785,0.125
Iran,Asia-Pacific,2020,4.672399998,0.886271179,0.301195472,1.029322505,0.27697894,0.749053836,0.142651513
Iraq,Asia-Pacific,2015,4.677,0.81889,0,0.98549,0.17922,0.60237,0.13788
Iraq,Asia-Pacific,2016,4.575,0.59205,0.24856,1.07474,0.19589,0.51076,0.13636
Iraq,Asia-Pacific,2017,4.497000217,0.978613198,0.288555533,1.102710485,0.199637264,0.50118047,0.107215755
Iraq,Asia-Pacific,2018,4.456,0.971,0.304,1.01,0.148,0.536,0.095
Iraq,Asia-Pacific,2019,4.437,0.98,0.241,1.043,0.148,0.574,0.089
Iraq,Asia-Pacific,2020,4.784800053,1.011466622,0.283588052,0.982018709,0.153002068,0.529350698,0.073164992
Ireland,Western Europe,2015,6.94,1.36948,0.61777,1.33596,0.45901,0.89533,0.28703
Ireland,Western Europe,2016,6.907,1.16157,0.54008,1.48341,0.44963,0.81455,0.29754
Ireland,Western Europe,2017,6.977000237,1.558231115,0.573110342,1.535706639,0.427858323,0.809782624,0.298388153
Ireland,Western Europe,2018,6.977,1.583,0.614,1.448,0.307,0.876,0.306
Ireland,Western Europe,2019,7.021,1.553,0.516,1.499,0.298,0.999,0.31
Ireland,Western Europe,2020,7.093699932,1.470596433,0.587779939,1.446886778,0.295426995,0.975670695,0.373433262
Israel,Asia-Pacific,2015,7.278,1.22393,0.41319,1.22857,0.33172,0.91387,0.07785
Israel,Asia-Pacific,2016,7.267,0.99537,0.36432,1.33766,0.32288,0.84917,0.08728
Israel,Asia-Pacific,2017,7.212999821,1.376289964,0.405988604,1.375382423,0.330082655,0.838404,0.0852421
Israel,Asia-Pacific,2018,6.814,1.559,0.533,1.301,0.354,0.883,0.272
Israel,Asia-Pacific,2019,7.139,1.455,0.371,1.276,0.261,1.029,0.082
Israel,Asia-Pacific,2020,7.128600121,1.403256774,0.420699477,1.216463685,0.266861796,1.008052945,0.09989845
Italy,Western Europe,2015,5.948,1.19777,0.26236,1.25114,0.22823,0.95446,0.02901
Italy,Western Europe,2016,5.977,1.04167,0.18827,1.35495,0.16684,0.85102,0.02556
Italy,Western Europe,2017,5.964000225,1.444923282,0.256450713,1.395066619,0.172789648,0.853144348,0.028028091
Italy,Western Europe,2018,6,1.501,0.281,1.264,0.137,0.946,0.028
Italy,Western Europe,2019,6.223,1.488,0.231,1.294,0.158,1.039,0.03
Italy,Western Europe,2020,6.38740015,1.347296,0.321305573,1.236396074,0.170266211,1.022504926,0.040145598
Ivory Coast,Africa,2015,3.655,0.77115,0.46866,0.46534,0.20165,0.15185,0.17922
Ivory Coast,Africa,2016,3.916,0.57576,0.40663,0.55507,0.20338,0.04476,0.1553
Ivory Coast,Africa,2017,4.179999828,0.90478003,0.447706193,0.603048921,0.20123747,0.04864217,0.130061775
Ivory Coast,Africa,2018,4.671,0.872,0.467,0.541,0.146,0.08,0.103
Ivory Coast,Africa,2019,4.944,0.808,0.352,0.569,0.154,0.232,0.09
Ivory Coast,Africa,2020,5.233300209,0.799727261,0.397122532,0.537094414,0.169915587,0.154942513,0.093495794
Jamaica,Latin America,2015,5.709,1.15102,0.50442,0.81038,0.2123,0.68741,0.02299
Jamaica,Latin America,2016,5.51,0.96372,0.43597,0.89333,0.22245,0.59469,0.04294
Jamaica,Latin America,2017,5.31099987,1.368218064,0.474307239,0.925579309,0.233818337,0.641022384,0.055267781
Jamaica,Latin America,2018,5.89,1.493,0.575,0.819,0.096,0.693,0.031
Jamaica,Latin America,2019,5.89,1.478,0.49,0.831,0.107,0.831,0.028
Jamaica,Latin America,2020,5.889800072,1.408289194,0.553124607,0.779058397,0.116268493,0.788434088,0.030147785
Japan,Asia-Pacific,2015,5.987,1.25712,0.49615,1.27074,0.10705,0.99111,0.1806
Japan,Asia-Pacific,2016,5.921,1.06054,0.46761,1.38007,0.10224,0.91491,0.18985
Japan,Asia-Pacific,2017,5.920000076,1.436337829,0.505625546,1.416915178,0.120572768,0.913475871,0.163760737
Japan,Asia-Pacific,2018,5.915,1.462,0.553,1.294,0.079,0.988,0.15
Japan,Asia-Pacific,2019,5.886,1.419,0.445,1.327,0.069,1.088,0.14
Japan,Asia-Pacific,2020,5.870800018,1.332338691,0.495465875,1.26672411,0.03571178,1.072881341,0.181439638
Jordan,Asia-Pacific,2015,5.192,1.05392,0.40661,0.90198,0.11053,0.69639,0.14293
Jordan,Asia-Pacific,2016,5.303,0.86216,0.36023,0.99673,0.14262,0.60712,0.13297
Jordan,Asia-Pacific,2017,5.335999966,1.239088893,0.418421149,0.991012394,0.17217046,0.604590058,0.119803272
Jordan,Asia-Pacific,2018,5.161,1.265,0.468,0.822,0.13,0.645,0.134
Jordan,Asia-Pacific,2019,4.906,1.225,0.383,0.837,0.11,0.815,0.13
Jordan,Asia-Pacific,2020,4.633399963,1.140118599,0.424855083,0.785179198,0.091494769,0.777624726,0.151878625
Kazakhstan,Asia-Pacific,2015,5.855,1.12241,0.51649,1.12254,0.11827,0.64368,0.08454
Kazakhstan,Asia-Pacific,2016,5.919,0.95544,0.4052,1.22943,0.15011,0.57386,0.11132
Kazakhstan,Asia-Pacific,2017,5.818999767,1.384369016,0.437454283,1.28455627,0.201964423,0.606041551,0.119282886
Kazakhstan,Asia-Pacific,2018,5.79,1.516,0.454,1.143,0.148,0.631,0.121
Kazakhstan,Asia-Pacific,2019,5.809,1.508,0.41,1.173,0.146,0.729,0.096
Kazakhstan,Asia-Pacific,2020,6.057899952,1.453267694,0.497432142,1.122594237,0.153713793,0.698788941,0.110463686
Kenya,Africa,2015,4.419,0.99876,0.42215,0.36471,0.37542,0.41435,0.05839
Kenya,Africa,2016,4.356,0.7624,0.40576,0.52267,0.41328,0.30147,0.06686
Kenya,Africa,2017,4.552999973,1.067950726,0.452763766,0.560479462,0.444860309,0.30998835,0.064641319
Kenya,Africa,2018,4.41,1.048,0.504,0.493,0.352,0.454,0.055
Kenya,Africa,2019,4.509,0.983,0.431,0.512,0.372,0.581,0.053
Kenya,Africa,2020,4.583000183,0.905077755,0.519180536,0.476413399,0.393902093,0.536312759,0.067201078
Kosovo,Eastern Europe,2015,5.589,0.81198,0.24749,0.80148,0.2831,0.63132,0.04741
Kosovo,Eastern Europe,2016,5.401,0.66062,0.14396,0.90145,0.27992,0.54,0.06547
Kosovo,Eastern Europe,2017,5.278999805,1.137853503,0.260287941,0.951484382,0.319931448,0.54145205,0.057471618
Kosovo,Eastern Europe,2018,5.662,1.23,0.448,0.855,0.274,0.578,0.023
Kosovo,Eastern Europe,2019,6.1,1.232,0.489,0.882,0.262,0.758,0.006
Kosovo,Eastern Europe,2020,6.325200081,1.183962822,0.557280421,0.840481341,0.325286865,0.672709167,0.008559024
Kuwait,Asia-Pacific,2015,6.295,1.16594,0.55499,1.55422,0.16228,0.72492,0.25609
Kuwait,Asia-Pacific,2016,6.239,0.87758,0.43166,1.61714,0.15965,0.63569,0.23669
Kuwait,Asia-Pacific,2017,6.105000019,1.259698749,0.496337593,1.632952452,0.228289798,0.632105708,0.21515955
Kuwait,Asia-Pacific,2018,6.083,1.301,0.554,1.474,0.167,0.675,0.106
Kuwait,Asia-Pacific,2019,6.021,1.319,0.493,1.5,0.142,0.808,0.097
Kuwait,Asia-Pacific,2020,6.102099895,1.244779825,0.570261419,1.424833655,0.132751092,0.776468933,0.112814933
Kyrgyzstan,Asia-Pacific,2015,5.286,1.15115,0.43477,0.47428,0.3003,0.65088,0.04232
Kyrgyzstan,Asia-Pacific,2016,5.185,0.95434,0.40212,0.56044,0.38432,0.55449,0.04762
Kyrgyzstan,Asia-Pacific,2017,5.004000187,1.394238591,0.454943389,0.596220076,0.428580374,0.553457797,0.039439179
Kyrgyzstan,Asia-Pacific,2018,5.131,1.416,0.54,0.53,0.281,0.594,0.035
Kyrgyzstan,Asia-Pacific,2019,5.261,1.438,0.508,0.551,0.3,0.723,0.023
Kyrgyzstan,Asia-Pacific,2020,5.541500092,1.341036677,0.614617765,0.513180971,0.30137074,0.680645883,0.030466691
Laos,Asia-Pacific,2015,4.876,0.73803,0.59591,0.59066,0.42192,0.54909,0.24249
Laos,Asia-Pacific,2016,4.876,0.5497,0.52168,0.68042,0.43079,0.38291,0.22423
Laos,Asia-Pacific,2018,4.623,1.034,0.626,0.72,0.23,0.441,0.174
Laos,Asia-Pacific,2019,4.796,1.03,0.547,0.764,0.266,0.551,0.164
Laos,Asia-Pacific,2020,4.888599873,0.987391889,0.612027287,0.714693844,0.27266711,0.486378282,0.194273964
Latvia,Eastern Europe,2015,5.098,1.09562,0.29671,1.11312,0.18226,0.72437,0.06332
Latvia,Eastern Europe,2016,5.56,0.95025,0.27996,1.21788,0.17445,0.63952,0.0889
Latvia,Eastern Europe,2017,5.849999905,1.404714942,0.325707912,1.260748625,0.153074786,0.638566971,0.073842727
Latvia,Eastern Europe,2018,5.933,1.454,0.363,1.148,0.092,0.671,0.066
Latvia,Eastern Europe,2019,5.94,1.465,0.264,1.187,0.075,0.812,0.064
Latvia,Eastern Europe,2020,5.949999809,1.414398789,0.329198807,1.14139545,0.075407945,0.777902424,0.090391524
Lebanon,Asia-Pacific,2015,4.839,0.80001,0.33916,1.02564,0.21854,0.83947,0.04582
Lebanon,Asia-Pacific,2016,5.129,0.64184,0.26228,1.12268,0.23693,0.76171,0.03061
Lebanon,Asia-Pacific,2017,5.224999905,1.129624248,0.288515985,1.074987531,0.264450759,0.735081077,0.03751383
Lebanon,Asia-Pacific,2018,5.358,1.179,0.503,0.965,0.214,0.785,0.136
Lebanon,Asia-Pacific,2019,5.197,1.224,0.216,0.987,0.166,0.815,0.027
Lebanon,Asia-Pacific,2020,4.771500111,1.19249332,0.18551667,0.889232516,0.158524141,0.788671136,0.021518147
Lesotho,Africa,2015,4.898,1.04103,0.31767,0.37545,0.16388,0.07612,0.12504
Lesotho,Africa,2017,3.808000088,1.190095186,0.390661299,0.521021247,0.157497272,0,0.11909464
Lesotho,Africa,2018,3.808,1.215,0.423,0.472,0.116,0.079,0.112
Lesotho,Africa,2019,3.802,1.169,0.359,0.489,0.107,0.168,0.093
Lesotho,Africa,2020,3.652800083,1.088940024,0.409367532,0.45493874,0.102627642,0.100934811,0.050483823
Liberia,Africa,2015,4.571,0.78968,0.28531,0.0712,0.24362,0.34201,0.06232
Liberia,Africa,2016,3.622,0.50353,0.25748,0.10706,0.24063,0.23165,0.04852
Liberia,Africa,2017,3.532999992,0.872117937,0.332881182,0.119041793,0.266549885,0.229918197,0.038948249
Liberia,Africa,2018,3.495,0.858,0.419,0.076,0.206,0.267,0.03
Liberia,Africa,2019,3.975,0.922,0.37,0.073,0.233,0.443,0.033
Liberia,Africa,2020,4.557899952,0.920733929,0.405943096,0.174103007,0.226967871,0.392284274,0.051139876
Libya,Africa,2015,5.754,1.11862,0.41668,1.13145,0.18295,0.7038,0.11023
Libya,Africa,2016,5.615,0.95076,0.40672,1.06688,0.17087,0.52304,0.10339
Libya,Africa,2017,5.525000095,1.35756433,0.46573323,1.101803064,0.152073666,0.52016902,0.09261021
Libya,Africa,2018,5.566,1.35,0.496,0.985,0.116,0.553,0.148
Libya,Africa,2019,5.525,1.303,0.416,1.044,0.133,0.673,0.152
Libya,Africa,2020,5.488800049,1.196283698,0.451354057,1.021913767,0.142757699,0.615626633,0.172258079
Lithuania,Eastern Europe,2015,5.833,1.25745,0.21342,1.14723,0.02641,0.73128,0.01031
Lithuania,Eastern Europe,2016,5.813,1.06411,0.18929,1.2692,0.02025,0.64674,0.0182
Lithuania,Eastern Europe,2017,5.90199995,1.473516107,0.234231785,1.314582348,0.010164657,0.62894994,0.011865643
Lithuania,Eastern Europe,2018,5.952,1.527,0.35,1.197,0.026,0.716,0.006
Lithuania,Eastern Europe,2019,6.149,1.515,0.291,1.238,0.043,0.818,0.042
Lithuania,Eastern Europe,2020,6.215499878,1.432865739,0.42046079,1.193559647,0.053691041,0.795421183,0.081350274
Luxembourg,Western Europe,2015,6.946,1.21963,0.61583,1.56391,0.28034,0.91894,0.37798
Luxembourg,Western Europe,2016,6.871,1.03999,0.5487,1.69752,0.27571,0.84542,0.35329
Luxembourg,Western Europe,2017,6.862999916,1.457583666,0.596627891,1.741943598,0.283180982,0.845089495,0.318834424
Luxembourg,Western Europe,2018,6.91,1.52,0.632,1.576,0.196,0.896,0.321
Luxembourg,Western Europe,2019,7.09,1.479,0.526,1.609,0.194,1.012,0.316
Luxembourg,Western Europe,2020,7.237500191,1.387528419,0.610137045,1.536676049,0.19595392,0.986442685,0.367041469
Macedonia,Eastern Europe,2015,5.007,1.00232,0.33457,0.91851,0.22359,0.73545,0.05327
Macedonia,Eastern Europe,2016,5.121,0.78236,0.27668,1.0193,0.23507,0.64738,0.07047
Macedonia,Eastern Europe,2017,5.175000191,1.207893014,0.325905979,1.064577937,0.253760964,0.644948184,0.060277794
Macedonia,Eastern Europe,2018,5.185,1.239,0.394,0.959,0.173,0.691,0.052
Macedonia,Eastern Europe,2020,5.159800053,1.183173537,0.410224587,0.935371995,0.18586354,0.802994132,0.024595059
Madagascar,Africa,2015,3.681,0.66801,0.19184,0.20824,0.21333,0.46721,0.08124
Madagascar,Africa,2016,3.695,0.46115,0.13684,0.27954,0.2204,0.37109,0.07506
Madagascar,Africa,2017,3.644000053,0.913020372,0.189196765,0.305808693,0.20873253,0.375223309,0.067231975
Madagascar,Africa,2018,3.774,0.908,0.221,0.262,0.155,0.402,0.049
Madagascar,Africa,2019,3.933,0.916,0.148,0.274,0.169,0.555,0.041
Madagascar,Africa,2020,4.165599823,0.823694348,0.192967549,0.244553208,0.191190064,0.500617027,0.076248638
Malawi,Africa,2015,4.292,0.41134,0.43054,0.01604,0.33128,0.22562,0.06977
Malawi,Africa,2016,4.156,0.147,0.4143,0.08709,0.30968,0.29364,0.07564
Malawi,Africa,2017,3.970000029,0.512568831,0.466914654,0.233442038,0.28717047,0.315089583,0.072711654
Malawi,Africa,2018,3.587,0.541,0.531,0.186,0.21,0.306,0.08
Malawi,Africa,2019,3.41,0.56,0.443,0.191,0.218,0.495,0.089
Malawi,Africa,2020,3.538000107,0.53036809,0.487389833,0.176534727,0.213185057,0.446163297,0.131633952
Malaysia,Asia-Pacific,2015,5.77,1.07023,0.53024,1.12486,0.33075,0.72394,0.10501
Malaysia,Asia-Pacific,2016,6.005,0.88025,0.39031,1.25142,0.41474,0.62366,0.09081
Malaysia,Asia-Pacific,2017,6.084000111,1.284646034,0.402264982,1.29121542,0.41660893,0.618784428,0.065600708
Malaysia,Asia-Pacific,2018,6.322,1.258,0.356,1.161,0.311,0.669,0.059
Malaysia,Asia-Pacific,2019,5.339,1.171,0.508,1.221,0.26,0.828,0.024
Malaysia,Asia-Pacific,2020,5.384300232,1.17400229,0.596941531,1.168421626,0.274886161,0.788511872,0.062163133
Maldives,Asia-Pacific,2020,5.197599888,1.402287602,0.548203647,0.937864304,0.224198252,0.914439559,0.071906492
Mali,Africa,2015,3.995,1.03526,0.38857,0.26074,0.18798,0.20583,0.12352
Mali,Africa,2016,4.073,0.86333,0.27544,0.31292,0.21064,0.16347,0.13647
Mali,Africa,2017,4.190000057,1.281473398,0.306613743,0.476180494,0.183354199,0.169365674,0.104970247
Mali,Africa,2018,4.447,1.233,0.367,0.37,0.139,0.152,0.056
Mali,Africa,2019,4.39,1.105,0.327,0.385,0.153,0.308,0.052
Mali,Africa,2020,4.729300022,0.97314173,0.377534449,0.352462649,0.16966705,0.234981522,0.062146276
Malta,Western Europe,2015,6.302,1.30203,0.60365,1.2074,0.51752,0.88721,0.13586
Malta,Western Europe,2016,6.488,1.09879,0.54994,1.30782,0.56237,0.80315,0.17554
Malta,Western Europe,2017,6.52699995,1.488411665,0.588767052,1.343279839,0.574730575,0.821944237,0.153066069
Malta,Western Europe,2018,6.627,1.525,0.645,1.27,0.376,0.884,0.142
Malta,Western Europe,2019,6.726,1.52,0.564,1.3,0.375,0.999,0.151
Malta,Western Europe,2020,6.772799969,1.442956924,0.633239031,1.252513289,0.341180831,0.972042024,0.178864077
Mauritania,Africa,2015,4.436,0.86908,0.24232,0.45407,0.219,0.35874,0.17461
Mauritania,Africa,2016,4.201,0.84142,0.1268,0.61391,0.22686,0.28639,0.17955
Mauritania,Africa,2017,4.291999817,1.27203083,0.096098043,0.648457289,0.201870024,0.28534928,0.136957005
Mauritania,Africa,2018,4.356,1.245,0.129,0.557,0.134,0.292,0.093
Mauritania,Africa,2019,4.49,1.167,0.066,0.57,0.106,0.489,0.088
Mauritania,Africa,2020,4.374599934,1.113323569,0.185714483,0.539684892,0.128899664,0.425184816,0.122257635
Mauritius,Africa,2015,5.477,0.98521,0.56066,1.00761,0.37744,0.7095,0.07521
Mauritius,Africa,2016,5.648,0.75695,0.46145,1.14372,0.36951,0.66189,0.05203
Mauritius,Africa,2017,5.629000187,1.20956099,0.491247326,1.189395547,0.360933751,0.638007462,0.042181555
Mauritius,Africa,2018,5.891,1.387,0.584,1.09,0.245,0.684,0.05
Mauritius,Africa,2019,5.888,1.402,0.498,1.12,0.215,0.798,0.06
Mauritius,Africa,2020,6.101299763,1.395666838,0.590838134,1.07366395,0.186894551,0.763389409,0.084088229
Mexico,Latin America,2015,7.187,0.91451,0.48181,1.02054,0.14074,0.81444,0.21312
Mexico,Latin America,2016,6.778,0.7146,0.37709,1.11508,0.11735,0.71143,0.18355
Mexico,Latin America,2017,6.578000069,1.21086216,0.412730008,1.153183818,0.120990433,0.709978998,0.132774115
Mexico,Latin America,2018,6.488,1.252,0.479,1.038,0.069,0.761,0.095
Mexico,Latin America,2019,6.595,1.323,0.433,1.07,0.074,0.861,0.073
Mexico,Latin America,2020,6.465000153,1.226333499,0.553892553,1.024387479,0.083094485,0.831601024,0.083133668
Moldova,Eastern Europe,2015,5.889,1.01528,0.32818,0.59448,0.20951,0.61826,0.01615
Moldova,Eastern Europe,2016,5.897,0.83132,0.25202,0.69177,0.19997,0.52309,0.01903
Moldova,Eastern Europe,2017,5.837999821,1.251825571,0.240729049,0.72887063,0.208779126,0.589465201,0.010091286
Moldova,Eastern Europe,2018,5.64,1.301,0.232,0.657,0.171,0.62,0
Moldova,Eastern Europe,2019,5.529,1.328,0.245,0.685,0.181,0.739,0
Moldova,Eastern Europe,2020,5.607500076,1.237312198,0.389571488,0.707916796,0.174049184,0.713299453,0.014378744
Mongolia,Asia-Pacific,2015,4.874,1.3006,0.43626,0.82819,0.3323,0.60268,0.02666
Mongolia,Asia-Pacific,2016,4.907,1.08983,0.35972,0.98853,0.34539,0.55469,0.03285
Mongolia,Asia-Pacific,2017,4.954999924,1.493011236,0.394143969,1.027235866,0.33846423,0.557783484,0.032902289
Mongolia,Asia-Pacific,2018,5.125,1.517,0.395,0.914,0.253,0.575,0.032
Mongolia,Asia-Pacific,2019,5.285,1.531,0.317,0.948,0.235,0.667,0.038
Mongolia,Asia-Pacific,2020,5.456200123,1.458930612,0.355703115,0.904872775,0.263885736,0.615788162,0.046533126
Montenegro,Eastern Europe,2015,5.192,0.90557,0.1826,0.97438,0.1614,0.72521,0.14296
Montenegro,Eastern Europe,2016,5.161,0.74173,0.15111,1.07838,0.17191,0.63533,0.12721
Montenegro,Eastern Europe,2017,5.236999989,1.238376498,0.194989055,1.121129036,0.197911024,0.667464674,0.088174194
Montenegro,Eastern Europe,2018,5.347,1.279,0.259,1.017,0.111,0.729,0.081
Montenegro,Eastern Europe,2019,5.523,1.361,0.197,1.051,0.142,0.871,0.08
Montenegro,Eastern Europe,2020,5.54610014,1.265657902,0.303223848,1.010150075,0.14901033,0.839028895,0.098435111
Morocco,Africa,2015,5.013,0.64095,0.41691,0.73479,0.07172,0.60954,0.08546
Morocco,Africa,2016,5.151,0.38595,0.25646,0.84058,0.04053,0.59471,0.08404
Morocco,Africa,2017,5.235000134,0.774864435,0.408158332,0.878114581,0.032209955,0.597710669,0.087763183
Morocco,Africa,2018,5.254,0.797,0.46,0.779,0.026,0.669,0.074
Morocco,Africa,2019,5.208,0.782,0.418,0.801,0.036,0.782,0.076
Morocco,Africa,2020,5.094799995,0.645208478,0.450054139,0.75862211,0.040032551,0.745096922,0.077385604
Mozambique,Africa,2015,4.971,1.02626,0.34037,0.08308,0.22269,0.09131,0.15603
Mozambique,Africa,2017,4.550000191,0.870701015,0.480791092,0.23430565,0.322228104,0.106654435,0.179436386
Mozambique,Africa,2018,4.417,0.902,0.531,0.198,0.206,0.173,0.158
Mozambique,Africa,2019,4.466,0.986,0.494,0.204,0.197,0.39,0.138
Mozambique,Africa,2020,4.623600006,0.955202878,0.56077534,0.178741366,0.220422104,0.324223638,0.163064316
Myanmar,Asia-Pacific,2015,4.307,0.70905,0.44017,0.27108,0.79588,0.48246,0.19034
Myanmar,Asia-Pacific,2016,4.395,0.69981,0.42692,0.34112,0.81971,0.3988,0.20243
Myanmar,Asia-Pacific,2017,4.545000076,1.123235941,0.514492035,0.36711055,0.838075161,0.397522569,0.188816205
Myanmar,Asia-Pacific,2018,4.308,1.174,0.58,0.682,0.598,0.429,0.178
Myanmar,Asia-Pacific,2019,4.36,1.181,0.525,0.71,0.566,0.555,0.172
Myanmar,Asia-Pacific,2020,4.308000088,1.098178267,0.597478867,0.67809093,0.569813728,0.495443076,0.187530354
Namibia,Africa,2016,4.574,0.70362,0.48614,0.93287,0.07795,0.34745,0.10398
Namibia,Africa,2017,4.573999882,1.098470807,0.520303547,0.964434326,0.077133745,0.338611811,0.093146972
Namibia,Africa,2018,4.441,1.281,0.519,0.874,0.051,0.365,0.064
Namibia,Africa,2019,4.639,1.313,0.401,0.879,0.07,0.477,0.056
Namibia,Africa,2020,4.571100235,1.245738149,0.444598973,0.84008199,0.076454483,0.40687117,0.054320343
Nepal,Asia-Pacific,2015,4.514,0.86449,0.38282,0.35997,0.32296,0.56874,0.05907
Nepal,Asia-Pacific,2016,4.793,0.69699,0.37012,0.44626,0.3816,0.50073,0.07008
Nepal,Asia-Pacific,2017,4.961999893,1.179283261,0.440305948,0.479820192,0.394096166,0.504130781,0.072975546
Nepal,Asia-Pacific,2018,4.88,1.228,0.526,0.425,0.302,0.539,0.078
Nepal,Asia-Pacific,2019,4.913,1.226,0.439,0.446,0.285,0.677,0.089
Nepal,Asia-Pacific,2020,5.137199879,1.100789309,0.480608255,0.444050372,0.300971806,0.66887939,0.127502963
Netherlands,Western Europe,2015,7.378,1.28017,0.61576,1.32944,0.4761,0.89284,0.31814
Netherlands,Western Europe,2016,7.339,1.02912,0.55211,1.46468,0.47416,0.81231,0.29927
Netherlands,Western Europe,2017,7.376999855,1.428939223,0.585384488,1.503944635,0.47048983,0.810696125,0.282661825
Netherlands,Western Europe,2018,7.441,1.488,0.638,1.361,0.333,0.878,0.295
Netherlands,Western Europe,2019,7.488,1.522,0.557,1.396,0.322,0.999,0.298
Netherlands,Western Europe,2020,7.448900223,1.463645935,0.61362648,1.338946342,0.336317569,0.975675344,0.368569762
New Zealand,Asia-Pacific,2015,7.286,1.31967,0.63938,1.25018,0.47501,0.90837,0.42922
New Zealand,Asia-Pacific,2016,7.334,1.17278,0.58147,1.36066,0.49401,0.83096,0.41904
New Zealand,Asia-Pacific,2017,7.31400013,1.548195124,0.61406213,1.405706048,0.500005126,0.816759706,0.382816702
New Zealand,Asia-Pacific,2018,7.324,1.601,0.669,1.268,0.365,0.876,0.389
New Zealand,Asia-Pacific,2019,7.307,1.557,0.585,1.303,0.33,1.026,0.38
New Zealand,Asia-Pacific,2020,7.299600124,1.48721838,0.646789908,1.242317915,0.325726211,1.008138299,0.461268276
Nicaragua,Latin America,2015,5.828,1.14184,0.55475,0.59325,0.27815,0.74314,0.19317
Nicaragua,Latin America,2016,5.992,0.89521,0.46582,0.69384,0.29773,0.65213,0.16292
Nicaragua,Latin America,2017,6.071000099,1.28721571,0.447551847,0.737299204,0.301674217,0.653095961,0.130687982
Nicaragua,Latin America,2018,6.141,1.319,0.527,0.668,0.208,0.7,0.128
Nicaragua,Latin America,2019,6.105,1.325,0.435,0.694,0.2,0.835,0.127
Nicaragua,Latin America,2020,6.13710022,1.27081275,0.560117304,0.620033145,0.212871477,0.803093255,0.174084574
Niger,Africa,2015,3.845,0.77265,0.47692,0.0694,0.19387,0.29707,0.15639
Niger,Africa,2016,3.856,0.6053,0.38041,0.1327,0.2097,0.26162,0.17176
Niger,Africa,2017,4.027999878,0.993025005,0.363658696,0.161925331,0.228673846,0.268505007,0.138572946
Niger,Africa,2018,4.166,0.867,0.39,0.131,0.175,0.221,0.099
Niger,Africa,2019,4.628,0.774,0.318,0.138,0.188,0.366,0.102
Niger,Africa,2020,4.909599781,0.703800142,0.435311615,0.108330332,0.208176896,0.298816353,0.137554765
Nigeria,Africa,2015,5.268,0.90432,0.34334,0.65435,0.27233,0.16007,0.0403
Nigeria,Africa,2016,4.875,0.64498,0.27854,0.75216,0.23219,0.05108,0.0305
Nigeria,Africa,2017,5.073999882,1.215770483,0.394952565,0.783756256,0.230947196,0.05691573,0.026121566
Nigeria,Africa,2018,5.155,1.172,0.462,0.689,0.201,0.048,0.032
Nigeria,Africa,2019,5.265,1.111,0.426,0.696,0.215,0.245,0.041
Nigeria,Africa,2020,4.724100113,0.986717939,0.435079455,0.645901859,0.221328124,0.167835936,0.047589935
North Cyprus,Eastern Europe,2016,5.771,0.81826,0.43596,1.31141,0.26322,0.84142,0.16578
North Cyprus,Eastern Europe,2017,5.809999943,1.186303377,0.471203625,1.346911311,0.266845703,0.834647238,0.155353352
North Cyprus,Eastern Europe,2020,5.53550005,1.183089137,0.477885723,1.21279943,0.199160054,1.026124597,0.199802905
North Macedonia,Eastern Europe,2019,5.274,1.294,0.345,0.983,0.185,0.838,0.034
Northern Cyprus,Eastern Europe,2015,5.695,1.07008,0.49027,1.20806,0.26169,0.92356,0.1428
Northern Cyprus,Eastern Europe,2018,5.835,1.211,0.495,1.229,0.179,0.909,0.154
Northern Cyprus,Eastern Europe,2019,5.718,1.252,0.417,1.263,0.191,1.042,0.162
Norway,Western Europe,2015,7.522,1.33095,0.66973,1.459,0.34699,0.88521,0.36503
Norway,Western Europe,2016,7.498,1.1269,0.59609,1.57744,0.37895,0.79579,0.35776
Norway,Western Europe,2017,7.537000179,1.53352356,0.635422587,1.616463184,0.362012237,0.796666503,0.315963835
Norway,Western Europe,2018,7.594,1.582,0.686,1.456,0.286,0.861,0.34
Norway,Western Europe,2019,7.554,1.582,0.603,1.488,0.271,1.028,0.341
Norway,Western Europe,2020,7.487999916,1.495172501,0.670200884,1.42420733,0.287985086,1.008071899,0.434100568
Oman,Asia-Pacific,2015,6.853,1.08182,0.63274,1.36011,0.21542,0.76276,0.32524
Pakistan,Asia-Pacific,2015,5.194,0.41411,0.12102,0.59543,0.33671,0.51466,0.10464
Pakistan,Asia-Pacific,2016,5.132,0.26135,0.14622,0.68816,0.31185,0.40306,0.1388
Pakistan,Asia-Pacific,2017,5.269000053,0.67269069,0.235215262,0.726883531,0.315446019,0.402047783,0.124348067
Pakistan,Asia-Pacific,2018,5.472,0.81,0.334,0.652,0.216,0.424,0.113
Pakistan,Asia-Pacific,2019,5.653,0.886,0.313,0.677,0.22,0.535,0.098
Pakistan,Asia-Pacific,2020,5.69329977,0.872979581,0.405421734,0.616799474,0.228705063,0.469933242,0.122592121
Palestine,Asia-Pacific,2015,4.715,0.92558,0.24499,0.59867,0.11251,0.66015,0.12905
Palestine,Asia-Pacific,2016,4.754,0.71629,0.17744,0.67024,0.11154,0.56844,0.10613
Palestine,Asia-Pacific,2017,4.775000095,1.155647159,0.254711062,0.716249228,0.114173174,0.565666974,0.089282602
Palestine,Asia-Pacific,2018,4.743,1.217,0.266,0.642,0.086,0.602,0.076
Palestine,Asia-Pacific,2019,4.696,1.247,0.225,0.657,0.103,0.672,0.066
Palestine,Asia-Pacific,2020,4.552800179,1.194755554,0.29870075,0.587819219,0.091816261,0.613826573,0.071913652
Panama,Latin America,2015,6.786,1.1985,0.5421,1.06353,0.24434,0.79661,0.0927
Panama,Latin America,2016,6.701,0.98912,0.48927,1.18306,0.2418,0.70835,0.08423
Panama,Latin America,2017,6.452000141,1.373192549,0.550026834,1.233748436,0.210556939,0.706156135,0.070983924
Panama,Latin America,2018,6.43,1.438,0.597,1.112,0.125,0.759,0.063
Panama,Latin America,2019,6.321,1.442,0.516,1.149,0.109,0.91,0.054
Panama,Latin America,2020,6.304800034,1.376149297,0.57984978,1.097667813,0.097207308,0.878546536,0.054230526
Paraguay,Latin America,2015,5.878,1.30477,0.53899,0.75985,0.3424,0.66098,0.08242
Paraguay,Latin America,2016,5.538,1.11111,0.46235,0.89373,0.25296,0.58295,0.07396
Paraguay,Latin America,2017,5.493000031,1.50728488,0.473507792,0.932537317,0.224150658,0.579250693,0.091065913
Paraguay,Latin America,2018,5.681,1.522,0.541,0.835,0.162,0.615,0.074
Paraguay,Latin America,2019,5.743,1.475,0.514,0.855,0.184,0.777,0.08
Paraguay,Latin America,2020,5.692100048,1.36819756,0.586510062,0.897990823,0.204299241,0.735869646,0.065077379
Peru,Latin America,2015,5.824,0.97459,0.41496,0.90019,0.14982,0.73017,0.05989
Peru,Latin America,2016,5.743,0.81255,0.37502,0.99602,0.14527,0.62994,0.05292
Peru,Latin America,2017,5.715000153,1.218770385,0.450002879,1.035225272,0.126819715,0.630166113,0.047049087
Peru,Latin America,2018,5.663,1.249,0.53,0.934,0.092,0.674,0.034
Peru,Latin America,2019,5.697,1.274,0.455,0.96,0.083,0.854,0.027
Peru,Latin America,2020,5.796800137,1.208405972,0.513210058,0.91854918,0.091611817,0.824444175,0.02703266
Philippines,Asia-Pacific,2015,5.073,1.03516,0.62545,0.70532,0.24991,0.58114,0.12279
Philippines,Asia-Pacific,2016,5.279,0.87877,0.54854,0.81217,0.21674,0.47036,0.11757
Philippines,Asia-Pacific,2017,5.429999828,1.253917575,0.585214674,0.857699215,0.193513423,0.468009055,0.099331893
Philippines,Asia-Pacific,2018,5.524,1.312,0.643,0.775,0.12,0.513,0.105
Philippines,Asia-Pacific,2019,5.631,1.293,0.558,0.807,0.117,0.657,0.107
Philippines,Asia-Pacific,2020,6.006000042,1.245381713,0.621915162,0.775120676,0.129260212,0.602189481,0.130385727
Poland,Eastern Europe,2015,5.791,1.27948,0.53122,1.12555,0.16759,0.77903,0.04212
Poland,Eastern Europe,2016,5.835,1.04685,0.4519,1.24585,0.14443,0.69058,0.055
Poland,Eastern Europe,2017,5.97300005,1.44571197,0.520342112,1.291787863,0.158465967,0.699475348,0.059307806
Poland,Eastern Europe,2018,6.123,1.448,0.546,1.176,0.108,0.781,0.064
Poland,Eastern Europe,2019,6.182,1.438,0.483,1.206,0.117,0.884,0.05
Poland,Eastern Europe,2020,6.186299801,1.310399771,0.557903528,1.16922915,0.063374244,0.868038476,0.160541251
Portugal,Western Europe,2015,5.102,1.13935,0.51469,1.15991,0.13719,0.87519,0.01078
Portugal,Western Europe,2016,5.123,0.94367,0.44727,1.27607,0.11691,0.79363,0.01521
Portugal,Western Europe,2017,5.195000172,1.367043018,0.4984653,1.315175295,0.095102713,0.795843542,0.015869452
Portugal,Western Europe,2018,5.41,1.429,0.562,1.188,0.055,0.884,0.017
Portugal,Western Europe,2019,5.693,1.431,0.508,1.221,0.047,0.999,0.025
Portugal,Western Europe,2020,5.910900116,1.339530349,0.589895189,1.168800831,0.053036947,0.979315281,0.027733466
Puerto Rico,Latin America,2016,7.039,1.08113,0.46823,1.35943,0.22202,0.77758,0.12275
Qatar,Asia-Pacific,2015,6.611,1.0786,0.6404,1.69042,0.32573,0.79733,0.52208
Qatar,Asia-Pacific,2016,6.375,0.87964,0.56679,1.82427,0.32388,0.71723,0.48049
Qatar,Asia-Pacific,2017,6.375,1.27429688,0.604130983,1.870765686,0.33047387,0.710098088,0.439299256
Qatar,Asia-Pacific,2018,6.374,1.303,0.654,1.649,0.256,0.748,0.171
Qatar,Asia-Pacific,2019,6.374,1.313,0.555,1.684,0.22,0.871,0.167
Republic of Congo,Africa,2015,3.989,0.6629,0.41466,0.67866,0.12388,0.31051,0.11686
Republic of Congo,Africa,2016,4.236,0.47799,0.37938,0.77109,0.12077,0.28212,0.09753
Republic of Congo,Africa,2017,4.290999889,0.832044363,0.435025871,0.808964252,0.120852128,0.289957434,0.079618134
Republic of Congo,Africa,2018,4.559,0.811,0.514,0.682,0.091,0.343,0.077
Republic of Congo,Africa,2019,4.812,0.799,0.372,0.673,0.105,0.508,0.093
Republic of Congo,Africa,2020,5.194399834,0.757636011,0.386514395,0.633616745,0.117216013,0.458101124,0.118670784
Republic of Serbia,Eastern Europe,2015,5.123,1.00964,0.20107,0.92053,0.19231,0.74836,0.02617
Republic of Serbia,Eastern Europe,2016,5.177,0.81329,0.15718,1.03437,0.20737,0.6458,0.04339
Republic of Serbia,Eastern Europe,2017,5.394999981,1.258189797,0.208715528,1.069317579,0.220125884,0.650784671,0.040903781
Republic of Serbia,Eastern Europe,2018,5.398,1.369,0.288,0.975,0.134,0.685,0.043
Republic of Serbia,Eastern Europe,2019,5.603,1.383,0.282,1.004,0.137,0.854,0.039
Republic of Serbia,Eastern Europe,2020,5.77820015,1.327448964,0.395428419,0.988181829,0.15028289,0.828403294,0.059447147
Romania,Eastern Europe,2015,5.124,0.88588,0.35068,1.04345,0.13748,0.7689,0.00649
Romania,Eastern Europe,2016,5.528,0.72803,0.36712,1.1697,0.12889,0.67602,0.00679
Romania,Eastern Europe,2017,5.824999809,1.15009129,0.457003742,1.217683911,0.133519918,0.685158312,0.004387901
Romania,Eastern Europe,2018,5.945,1.219,0.528,1.116,0.088,0.726,0.001
Romania,Eastern Europe,2019,6.07,1.232,0.462,1.162,0.083,0.825,0.005
Romania,Eastern Europe,2020,6.123700142,1.1944381,0.534852326,1.120401621,0.068181619,0.79229486,0.000829569
Russia,Eastern Europe,2015,5.716,1.23617,0.36679,1.13764,0.00199,0.66926,0.03005
Russia,Eastern Europe,2016,5.856,1.05261,0.32682,1.23228,0.02736,0.58991,0.03586
Russia,Eastern Europe,2017,5.962999821,1.469282389,0.373783112,1.281778097,0.052263822,0.547349334,0.032962881
Russia,Eastern Europe,2018,5.81,1.479,0.399,1.151,0.065,0.599,0.025
Russia,Eastern Europe,2019,5.648,1.452,0.334,1.183,0.082,0.726,0.031
Russia,Eastern Europe,2020,5.546000004,1.378644109,0.399499595,1.126999617,0.099041916,0.68044591,0.045699362
Rwanda,Africa,2015,3.465,0.7737,0.59201,0.22208,0.22628,0.42864,0.55191
Rwanda,Africa,2016,3.515,0.61586,0.5432,0.32846,0.23552,0.31865,0.50521
Rwanda,Africa,2017,3.470999956,0.945707023,0.581843853,0.368745893,0.252756029,0.326424807,0.455220014
Rwanda,Africa,2018,3.408,0.896,0.636,0.332,0.2,0.4,0.444
Rwanda,Africa,2019,3.334,0.711,0.555,0.359,0.217,0.614,0.411
Rwanda,Africa,2020,3.312299967,0.522876322,0.604087889,0.343242675,0.235704988,0.572383285,0.485542476
Saudi Arabia,Asia-Pacific,2015,6.411,1.08393,0.31048,1.39541,0.13706,0.72025,0.32524
Saudi Arabia,Asia-Pacific,2016,6.379,0.84829,0.37904,1.48953,0.15457,0.59267,0.30008
Saudi Arabia,Asia-Pacific,2017,6.343999863,1.286677599,0.449750572,1.530623555,0.147616014,0.59014833,0.273432255
Saudi Arabia,Asia-Pacific,2018,6.371,1.331,0.509,1.379,0.098,0.633,0.127
Saudi Arabia,Asia-Pacific,2019,6.375,1.357,0.439,1.403,0.08,0.795,0.132
Saudi Arabia,Asia-Pacific,2020,6.406499863,1.309950113,0.548477471,1.334328532,0.087440684,0.759818137,0.163322315
Senegal,Africa,2015,3.904,0.97619,0.36772,0.36498,0.20843,0.4354,0.10713
Senegal,Africa,2016,4.219,0.77416,0.31056,0.44314,0.19103,0.40457,0.11681
Senegal,Africa,2017,4.534999847,1.179691911,0.377922267,0.479309022,0.183468893,0.409362853,0.115460448
Senegal,Africa,2018,4.631,1.117,0.406,0.429,0.138,0.433,0.082
Senegal,Africa,2019,4.681,1.134,0.292,0.45,0.153,0.571,0.072
Senegal,Africa,2020,4.980800152,0.95459342,0.352400899,0.504061818,0.164397135,0.518391907,0.081865937
Sierra Leone,Africa,2015,4.507,0.95571,0.4084,0.33024,0.21488,0,0.08786
Sierra Leone,Africa,2016,4.635,0.628,0.30685,0.36485,0.23897,0,0.08196
Sierra Leone,Africa,2017,4.709000111,0.984136045,0.318697691,0.368420929,0.293040901,0.005564754,0.071095176
Sierra Leone,Africa,2018,4.571,0.813,0.355,0.256,0.238,0,0.053
Sierra Leone,Africa,2019,4.374,0.841,0.309,0.268,0.252,0.242,0.045
Sierra Leone,Africa,2020,3.926399946,0.747984946,0.382027686,0.240560383,0.257647008,0.203953966,0.047940936
Singapore,Asia-Pacific,2015,6.798,1.02,0.54252,1.52186,0.31105,1.02525,0.4921
Singapore,Asia-Pacific,2016,6.739,0.86758,0.4877,1.64555,0.32706,0.94719,0.46987
Singapore,Asia-Pacific,2017,6.572000027,1.353814363,0.549840569,1.69227767,0.345965981,0.949492395,0.464307785
Singapore,Asia-Pacific,2018,6.343,1.451,0.631,1.529,0.261,1.008,0.457
Singapore,Asia-Pacific,2019,6.262,1.463,0.556,1.572,0.271,1.141,0.453
Singapore,Asia-Pacific,2020,6.377099991,1.39545691,0.635317206,1.519580126,0.218770906,1.137814283,0.533162236
Slovakia,Eastern Europe,2015,5.995,1.26999,0.31751,1.16891,0.16893,0.78902,0.03431
Slovakia,Eastern Europe,2016,6.078,1.08268,0.23391,1.27973,0.13837,0.70367,0.02947
Slovakia,Eastern Europe,2017,6.09800005,1.505059242,0.295817465,1.325393558,0.136544481,0.712732911,0.024210852
Slovakia,Eastern Europe,2018,6.173,1.537,0.354,1.21,0.118,0.776,0.014
Slovakia,Eastern Europe,2019,6.198,1.504,0.334,1.246,0.121,0.881,0.014
Slovakia,Eastern Europe,2020,6.280600071,1.424331188,0.423542529,1.194837689,0.116729774,0.853465259,0.011291441
Slovenia,Eastern Europe,2015,5.848,1.27385,0.60855,1.18498,0.25328,0.87337,0.03787
Slovenia,Eastern Europe,2016,5.768,1.05613,0.53164,1.29947,0.25738,0.79151,0.03635
Slovenia,Eastern Europe,2017,5.757999897,1.452518821,0.572575808,1.341205955,0.242649093,0.790828228,0.045128979
Slovenia,Eastern Europe,2018,5.948,1.506,0.633,1.219,0.16,0.856,0.051
Slovenia,Eastern Europe,2019,6.118,1.523,0.564,1.258,0.144,0.953,0.057
Slovenia,Eastern Europe,2020,6.363399982,1.464677691,0.646700144,1.208652496,0.145701498,0.932548046,0.076516323
Somalia,Africa,2016,5.44,0.33613,0.56778,0,0.27225,0.11466,0.3118
Somalia,Africa,2017,5.151000023,0.721151352,0.602126956,0.022643184,0.291631311,0.113989137,0.282410324
Somalia,Africa,2018,4.982,0.712,0.674,0,0.238,0.115,0.282
Somalia,Africa,2019,4.668,0.698,0.559,0,0.243,0.268,0.27
Somaliland,Africa,2015,5.057,0.95152,0.46582,0.18847,0.50318,0.43873,0.39928
Somaliland,Africa,2016,5.057,0.75862,0.3913,0.25558,0.51479,0.33108,0.36794
South Africa,Africa,2015,4.642,1.18468,0.33207,0.92049,0.11973,0.27688,0.08884
South Africa,Africa,2016,4.459,0.96053,0.42483,1.02416,0.13656,0.18611,0.08415
South Africa,Africa,2017,4.828999996,1.384788632,0.479246736,1.054698706,0.13936238,0.18708007,0.072509497
South Africa,Africa,2018,4.724,1.41,0.516,0.94,0.103,0.33,0.056
South Africa,Africa,2019,4.722,1.351,0.389,0.96,0.13,0.469,0.055
South Africa,Africa,2020,4.814099789,1.259086251,0.43478182,0.902140439,0.126406848,0.407034069,0.05950214
South Korea,Asia-Pacific,2015,5.984,0.95774,0.33208,1.24461,0.18557,0.96538,0.07857
South Korea,Asia-Pacific,2016,5.835,0.72194,0.25168,1.35948,0.18824,0.88645,0.07716
South Korea,Asia-Pacific,2017,5.837999821,1.128274441,0.257921666,1.401678443,0.206674367,0.900214076,0.063282669
South Korea,Asia-Pacific,2018,5.875,1.204,0.244,1.266,0.175,0.955,0.051
South Korea,Asia-Pacific,2019,5.895,1.219,0.159,1.301,0.175,1.036,0.056
South Korea,Asia-Pacific,2020,5.872399807,1.133560538,0.25935635,1.245300651,0.170303866,1.022542596,0.094596282
South Sudan,Africa,2016,3.832,0.18519,0.19662,0.39394,0.25899,0.15781,0.13015
South Sudan,Africa,2017,3.59100008,0.601323128,0.147062436,0.397248626,0.285670817,0.163486004,0.116793513
South Sudan,Africa,2018,3.254,0.608,0.112,0.337,0.224,0.177,0.106
South Sudan,Africa,2019,2.853,0.575,0.01,0.306,0.202,0.295,0.091
South Sudan,Africa,2020,2.816600084,0.553278506,0.065609254,0.289082974,0.209934607,0.208809033,0.111156799
Spain,Western Europe,2015,6.329,1.31379,0.45951,1.23011,0.18227,0.95562,0.06398
Spain,Western Europe,2016,6.361,1.12945,0.37545,1.34253,0.17665,0.87896,0.06137
Spain,Western Europe,2017,6.402999878,1.532090902,0.40878123,1.384397864,0.190133572,0.8889606,0.070914097
Spain,Western Europe,2018,6.31,1.538,0.449,1.251,0.142,0.965,0.074
Spain,Western Europe,2019,6.354,1.484,0.362,1.286,0.153,1.062,0.079
Spain,Western Europe,2020,6.400899887,1.421099186,0.425983816,1.230535269,0.16530548,1.051343083,0.109579779
Sri Lanka,Asia-Pacific,2015,4.271,1.01905,0.53726,0.83524,0.40828,0.70806,0.09179
Sri Lanka,Asia-Pacific,2016,4.415,0.84783,0.50817,0.97318,0.46978,0.62007,0.07964
Sri Lanka,Asia-Pacific,2017,4.440000057,1.259976387,0.561213255,1.009850144,0.490863562,0.625130832,0.073653966
Sri Lanka,Asia-Pacific,2018,4.471,1.314,0.585,0.918,0.307,0.672,0.05
Sri Lanka,Asia-Pacific,2019,4.366,1.265,0.47,0.949,0.244,0.831,0.047
Sri Lanka,Asia-Pacific,2020,4.327000141,1.19494009,0.528632462,0.897986948,0.252666146,0.792036712,0.049444564
Sudan,Africa,2015,4.55,1.01404,0.10081,0.52107,0.19062,0.36878,0.1466
Sudan,Africa,2016,4.139,0.81928,0,0.63069,0.18077,0.29759,0.10039
Sudan,Africa,2017,4.138999939,1.21400857,0.014995855,0.659516692,0.182317451,0.290920824,0.08984752
Sudan,Africa,2018,4.139,1.24,0.016,0.605,0.134,0.312,0.082
Suriname,Latin America,2015,6.269,0.972,0.59657,0.99534,0.16991,0.6082,0.13633
Suriname,Latin America,2016,6.269,0.77866,0.52234,1.09686,0.16665,0.50933,0.12692
Swaziland,Africa,2015,4.867,1.07284,0.30658,0.71206,0.18259,0.07566,0.0306
Swaziland,Africa,2019,4.212,1.149,0.313,0.811,0.074,0,0.135
Swaziland,Africa,2020,4.308100224,1.064835191,0.299935788,0.827539742,0.067264833,0.215585828,0.146765873
Sweden,Western Europe,2015,7.364,1.28907,0.6598,1.33171,0.36262,0.91087,0.43844
Sweden,Western Europe,2016,7.291,1.08764,0.58218,1.45181,0.38254,0.83121,0.40867
Sweden,Western Europe,2017,7.28399992,1.478162169,0.612924099,1.494387269,0.385399252,0.830875158,0.384398729
Sweden,Western Europe,2018,7.314,1.501,0.659,1.355,0.285,0.913,0.383
Sweden,Western Europe,2019,7.343,1.487,0.574,1.387,0.267,1.009,0.373
Sweden,Western Europe,2020,7.353499889,1.433347702,0.650297701,1.322235227,0.272827893,0.986470461,0.442066371
Switzerland,Western Europe,2015,7.587,1.34951,0.66557,1.39651,0.29678,0.94143,0.41978
Switzerland,Western Europe,2016,7.509,1.14524,0.58557,1.52733,0.28083,0.86303,0.41203
Switzerland,Western Europe,2017,7.493999958,1.516911745,0.620070577,1.564979553,0.290549278,0.858131289,0.367007285
Switzerland,Western Europe,2018,7.487,1.549,0.66,1.42,0.256,0.927,0.357
Switzerland,Western Europe,2019,7.48,1.526,0.572,1.452,0.263,1.052,0.343
Switzerland,Western Europe,2020,7.559899807,1.472403407,0.62895447,1.39077425,0.269055754,1.040533185,0.407945901
Syria,Asia-Pacific,2015,3.006,0.47489,0.15684,0.6632,0.47179,0.72193,0.18906
Syria,Asia-Pacific,2016,3.069,0.14866,0.06912,0.74719,0.48397,0.62994,0.17233
Syria,Asia-Pacific,2017,3.461999893,0.396102607,0.081539445,0.777153134,0.493663728,0.500533342,0.151347131
Syria,Asia-Pacific,2018,3.462,0.382,0.088,0.689,0.376,0.539,0.144
Syria,Asia-Pacific,2019,3.462,0.378,0.013,0.619,0.331,0.44,0.141
Taiwan,Asia-Pacific,2015,6.298,1.07617,0.3974,1.29098,0.25376,0.8753,0.08129
Taiwan,Asia-Pacific,2016,6.379,0.92624,0.32377,1.39729,0.25495,0.79565,0.0663
Taiwan,Asia-Pacific,2018,6.441,1.436,0.418,1.365,0.151,0.857,0.078
Taiwan,Asia-Pacific,2019,6.446,1.43,0.351,1.368,0.242,0.914,0.097
Taiwan Province of China,Asia-Pacific,2017,6.421999931,1.384565353,0.361466587,1.433626533,0.258360475,0.793984234,0.063829236
Taiwan Province of China,Asia-Pacific,2020,6.45539999,1.357760668,0.449404389,1.327470541,0.150598705,0.878437996,0.131516352
Tajikistan,Asia-Pacific,2015,4.786,0.85563,0.47216,0.39047,0.22974,0.57379,0.15072
Tajikistan,Asia-Pacific,2016,4.996,0.75602,0.43408,0.48835,0.25998,0.53119,0.13509
Tajikistan,Asia-Pacific,2017,5.040999889,1.271463275,0.471566707,0.524713635,0.248997644,0.529235125,0.146377146
Tajikistan,Asia-Pacific,2018,5.199,1.166,0.292,0.474,0.187,0.598,0.034
Tajikistan,Asia-Pacific,2019,5.467,1.098,0.389,0.493,0.23,0.718,0.144
Tajikistan,Asia-Pacific,2020,5.555699825,1.218377709,0.521141171,0.474874616,0.182417125,0.680594802,0.221779913
Thailand,Asia-Pacific,2015,6.455,1.26504,0.55664,0.9669,0.5763,0.7385,0.03187
Thailand,Asia-Pacific,2016,6.474,1.04477,0.49553,1.0893,0.58696,0.64915,0.02833
Thailand,Asia-Pacific,2017,6.423999786,1.425792456,0.580200732,1.127868772,0.57212311,0.647239029,0.031612735
Thailand,Asia-Pacific,2018,6.072,1.417,0.637,1.016,0.364,0.707,0.029
Thailand,Asia-Pacific,2019,6.008,1.409,0.557,1.05,0.359,0.828,0.028
Thailand,Asia-Pacific,2020,5.998799801,1.347519517,0.609449804,1.007029295,0.376709014,0.793855846,0.031837862
Togo,Africa,2015,2.839,0.13995,0.36453,0.20868,0.16681,0.28443,0.10731
Togo,Africa,2016,3.303,0,0.34678,0.28123,0.17517,0.24811,0.11587
Togo,Africa,2017,3.494999886,0.43188253,0.380426139,0.305444717,0.196896151,0.247105569,0.095665015
Togo,Africa,2018,3.999,0.474,0.434,0.259,0.158,0.253,0.101
Togo,Africa,2019,4.085,0.572,0.293,0.275,0.177,0.41,0.085
Togo,Africa,2020,4.187200069,0.547622859,0.303539038,0.268116266,0.200774252,0.342731178,0.114826456
Trinidad & Tobago,Latin America,2018,6.192,1.492,0.575,1.223,0.171,0.564,0.019
Trinidad & Tobago,Latin America,2019,6.192,1.477,0.489,1.231,0.185,0.713,0.016
Trinidad and Tobago,Latin America,2015,6.168,1.18354,0.55884,1.21183,0.31844,0.61483,0.0114
Trinidad and Tobago,Latin America,2016,6.168,0.98569,0.48453,1.32572,0.31935,0.52608,0.01241
Trinidad and Tobago,Latin America,2017,6.168000221,1.380228519,0.518630743,1.361355901,0.325296462,0.519983292,0.008964816
Trinidad and Tobago,Latin America,2020,6.191899776,1.407326221,0.55293113,1.167641521,0.199358255,0.658828557,0.015078396
Tunisia,Africa,2015,4.739,0.60429,0.26268,0.88113,0.06431,0.73793,0.06358
Tunisia,Africa,2016,5.045,0.43165,0.23553,0.97724,0.03936,0.59577,0.0817
Tunisia,Africa,2017,4.804999828,0.86835146,0.28968069,1.007265806,0.049693357,0.613212049,0.086723149
Tunisia,Africa,2018,4.592,0.906,0.271,0.9,0.04,0.69,0.063
Tunisia,Africa,2019,4.461,1,0.167,0.921,0.059,0.815,0.055
Tunisia,Africa,2020,4.392199993,0.872167706,0.235860556,0.874742687,0.055881143,0.781156719,0.043899573
Turkey,Asia-Pacific,2015,5.332,0.94632,0.22815,1.06098,0.12253,0.73172,0.15746
Turkey,Asia-Pacific,2016,5.389,0.87717,0.23889,1.16492,0.04707,0.64718,0.12348
Turkey,Asia-Pacific,2017,5.5,1.337753177,0.3007406,1.198274374,0.046693042,0.637605608,0.09967158
Turkey,Asia-Pacific,2018,5.483,1.38,0.324,1.148,0.106,0.686,0.109
Turkey,Asia-Pacific,2019,5.373,1.36,0.195,1.183,0.083,0.808,0.106
Turkey,Asia-Pacific,2020,5.131800175,1.197159171,0.25440076,1.127169251,0.085885569,0.781335294,0.120983243
Turkmenistan,Asia-Pacific,2015,5.548,1.22668,0.4761,0.95847,0.16979,0.53886,0.30844
Turkmenistan,Asia-Pacific,2016,5.658,1.03817,0.37408,1.08017,0.22567,0.44006,0.28467
Turkmenistan,Asia-Pacific,2017,5.822000027,1.493149161,0.418271929,1.130776763,0.249924988,0.43772608,0.25927034
Turkmenistan,Asia-Pacific,2018,5.636,1.533,0.417,1.016,0.199,0.517,0.037
Turkmenistan,Asia-Pacific,2019,5.247,1.538,0.394,1.052,0.244,0.657,0.028
Turkmenistan,Asia-Pacific,2020,5.119100094,1.510476947,0.515236676,1.008963585,0.323129326,0.612448037,0.03350389
Uganda,Africa,2015,3.931,1.13299,0.45727,0.21102,0.29066,0.33861,0.07267
Uganda,Africa,2016,3.739,0.90981,0.43653,0.34719,0.27102,0.19625,0.06442
Uganda,Africa,2017,4.080999851,1.129827738,0.443185955,0.381430715,0.325766057,0.217632607,0.057069719
Uganda,Africa,2018,4.161,1.09,0.45,0.322,0.259,0.237,0.061
Uganda,Africa,2019,4.189,1.069,0.356,0.332,0.252,0.443,0.06
Uganda,Africa,2020,4.43200016,1.052327394,0.401682556,0.312337428,0.264807373,0.378311664,0.063818842
Ukraine,Europe,2015,4.681,1.20278,0.25123,0.79907,0.15275,0.6739,0.02961
Ukraine,Europe,2016,4.324,1.01413,0.12859,0.87287,0.20363,0.58628,0.01829
Ukraine,Europe,2017,4.096000195,1.394537568,0.122974776,0.894651949,0.270061463,0.575903952,0.023029471
Ukraine,Europe,2018,4.103,1.413,0.163,0.793,0.187,0.609,0.011
Ukraine,Europe,2019,4.332,1.39,0.178,0.82,0.187,0.739,0.01
Ukraine,Europe,2020,4.56069994,1.321316481,0.319423705,0.780434608,0.178551316,0.698674381,0.00965116
United Arab Emirates,Asia-Pacific,2015,6.901,1.12575,0.64157,1.42727,0.26428,0.80925,0.38583
United Arab Emirates,Asia-Pacific,2016,6.573,0.87114,0.56215,1.57352,0.26591,0.72993,0.35561
United Arab Emirates,Asia-Pacific,2017,6.647999763,1.266410232,0.60834527,1.626343369,0.360941947,0.726798236,0.324489564
United Arab Emirates,Asia-Pacific,2018,6.774,0.776,0.284,2.096,0.186,0.67,
United Arab Emirates,Asia-Pacific,2019,6.825,1.31,0.598,1.503,0.262,0.825,0.182
United Arab Emirates,Asia-Pacific,2020,6.790800095,1.251170993,0.652936101,1.431086421,0.28065598,0.787814438,0.220213518
United Kingdom,Western Europe,2015,6.867,1.28548,0.59625,1.26637,0.51912,0.90943,0.32067
United Kingdom,Western Europe,2016,6.725,1.08672,0.50036,1.40283,0.50156,0.80991,0.27399
United Kingdom,Western Europe,2017,6.714000225,1.49646008,0.508190036,1.44163394,0.492774159,0.805335939,0.265428066
United Kingdom,Western Europe,2018,7.19,1.433,0.464,1.244,0.262,0.888,0.082
United Kingdom,Western Europe,2019,7.054,1.538,0.45,1.333,0.348,0.996,0.278
United Kingdom,Western Europe,2020,7.164500237,1.457844973,0.525168657,1.273061037,0.373433441,0.97570008,0.322601646
United Republic of Tanzania,Africa,2015,3.781,1.00268,0.32878,0.2852,0.34377,0.38215,0.05747
United Republic of Tanzania,Africa,2016,3.666,0.77623,0.3176,0.47155,0.31472,0.357,0.05099
United Republic of Tanzania,Africa,2017,3.348999977,1.041989803,0.390017778,0.511135876,0.354256362,0.364509284,0.066035107
United Republic of Tanzania,Africa,2018,3.303,0.991,0.481,0.455,0.27,0.381,0.097
United Republic of Tanzania,Africa,2019,3.231,0.885,0.417,0.476,0.276,0.499,0.147
United Republic of Tanzania,Africa,2020,3.476200104,0.872674644,0.509343088,0.457163125,0.27154091,0.442677855,0.203880861
United States of America,North America,2015,7.119,1.24711,0.54604,1.39451,0.40105,0.86179,0.1589
United States of America,North America,2016,7.104,1.04782,0.48163,1.50796,0.41077,0.779,0.14868
United States of America,North America,2017,6.993000031,1.419920564,0.505740523,1.546259284,0.392578781,0.774286628,0.135638788
United States of America,North America,2018,6.886,1.471,0.547,1.398,0.291,0.819,0.133
United States of America,North America,2019,6.892,1.457,0.454,1.433,0.28,0.874,0.128
United States of America,North America,2020,6.939599991,1.404786706,0.534608245,1.37398684,0.298143059,0.831618011,0.152284741
Uruguay,Latin America,2015,6.485,1.2089,0.60362,1.06166,0.2324,0.8116,0.24558
Uruguay,Latin America,2016,6.545,1.03143,0.54388,1.18157,0.18056,0.72183,0.21394
Uruguay,Latin America,2017,6.453999996,1.412227869,0.579392254,1.217559695,0.175096929,0.719216824,0.178061873
Uruguay,Latin America,2018,6.379,1.459,0.625,1.093,0.13,0.771,0.155
Uruguay,Latin America,2019,6.293,1.465,0.523,1.124,0.127,0.891,0.15
Uruguay,Latin America,2020,6.440100193,1.425081134,0.59426707,1.071000457,0.132143691,0.856928885,0.193425074
Uzbekistan,Asia-Pacific,2015,6.003,1.34043,0.65821,0.63244,0.22837,0.59772,0.30826
Uzbekistan,Asia-Pacific,2016,5.987,1.1681,0.60848,0.73591,0.34326,0.50163,0.28333
Uzbekistan,Asia-Pacific,2017,5.971000195,1.54896915,0.658248663,0.786441088,0.415983647,0.498272628,0.246528223
Uzbekistan,Asia-Pacific,2018,6.096,1.584,0.724,0.719,0.328,0.605,0.259
Uzbekistan,Asia-Pacific,2019,6.174,1.529,0.631,0.745,0.322,0.756,0.24
Uzbekistan,Asia-Pacific,2020,6.257599831,1.434020042,0.693270326,0.696652949,0.363311023,0.716703713,0.280260265
Venezuela,Latin America,2015,6.81,1.25596,0.42908,1.04424,0.05841,0.72052,0.11069
Venezuela,Latin America,2016,6.084,1.03302,0.19847,1.13367,0.0425,0.61904,0.08304
Venezuela,Latin America,2017,5.25,1.431337595,0.153997123,1.128431201,0.06501963,0.617144227,0.064491123
Venezuela,Latin America,2018,4.806,1.469,0.133,0.996,0.056,0.657,0.052
Venezuela,Latin America,2019,4.707,1.427,0.154,0.96,0.064,0.805,0.047
Venezuela,Latin America,2020,5.053199768,1.348546863,0.271717221,0.770238638,0.087179154,0.76702553,0.063624777
Vietnam,Asia-Pacific,2015,5.36,0.91226,0.59444,0.63216,0.1686,0.74676,0.10441
Vietnam,Asia-Pacific,2016,5.061,0.79117,0.55954,0.74037,0.25075,0.66157,0.11556
Vietnam,Asia-Pacific,2017,5.073999882,1.277491331,0.571055591,0.788547575,0.234968051,0.652168989,0.087633237
Vietnam,Asia-Pacific,2018,5.103,1.365,0.618,0.715,0.177,0.702,0.079
Vietnam,Asia-Pacific,2019,5.175,1.346,0.543,0.741,0.147,0.851,0.073
Vietnam,Asia-Pacific,2020,5.353499889,1.253074765,0.650835574,0.718092382,0.136488721,0.819133997,0.089848459
Yemen,Asia-Pacific,2015,4.077,0.68093,0.35571,0.54649,0.09131,0.40064,0.07854
Yemen,Asia-Pacific,2016,3.724,0.47493,0.2287,0.57939,0.09821,0.31048,0.05892
Yemen,Asia-Pacific,2017,3.592999935,0.935382247,0.249463722,0.591683447,0.104125209,0.310080916,0.056767423
Yemen,Asia-Pacific,2018,3.355,1.073,0.244,0.442,0.083,0.343,0.064
Yemen,Asia-Pacific,2019,3.38,1.163,0.143,0.287,0.108,0.463,0.077
Yemen,Asia-Pacific,2020,3.527400017,1.177477121,0.243721485,0.392701775,0.094689012,0.41500017,0.087352127
Zambia,Africa,2015,5.129,0.91612,0.48827,0.47038,0.19591,0.29924,0.12468
Zambia,Africa,2016,4.795,0.6376,0.42662,0.61202,0.17866,0.23573,0.11479
Zambia,Africa,2017,4.513999939,1.003187299,0.461603492,0.636406779,0.249580145,0.257835895,0.07821355
Zambia,Africa,2018,4.377,1.047,0.503,0.562,0.221,0.295,0.082
Zambia,Africa,2019,4.107,1.058,0.431,0.578,0.247,0.426,0.087
Zambia,Africa,2020,3.759399891,0.896037281,0.49131754,0.536833763,0.250620902,0.36359334,0.086705238
Zimbabwe,Africa,2015,4.61,1.03276,0.25861,0.271,0.18987,0.33475,0.08079
Zimbabwe,Africa,2016,4.193,0.71478,0.25429,0.35041,0.18503,0.1595,0.08582
Zimbabwe,Africa,2017,3.875,1.083095908,0.336384207,0.375846535,0.189143494,0.196763754,0.095375381
Zimbabwe,Africa,2018,3.692,1.094,0.406,0.357,0.132,0.248,0.099
Zimbabwe,Africa,2019,3.663,1.114,0.361,0.366,0.151,0.433,0.089
Zimbabwe,Africa,2020,3.299200058,1.047835231,0.37740472,0.425564021,0.151349187,0.375037611,0.080928579
